SKU,Actual_Month,Mean_Bias,Tracking_Signal,Residual_Pos_Count,Residual_Neg_Count,Area_Under_Sparsification,Data_Anomaly_Rate,Residual_Anomaly_Rate,Mean_Anomaly_Magnitude,Time_to_Detect,Persistence,Direction_Accuracy,Velocity_Error,Acceleration_Error,Turning_Point_F1,Trend_Change_Delay,PICP (%),Interval_Width,Interval_Score,Winkler_Score,CRPS,Sliding_JSD,PSI,KL_Divergence,Rolling_Error_Var,MMD,Feature_Drift_Rate
SKU_1,2025-01-01,-5.33,-7.84,3,8,30.38,0.0,0.0,,5.91,10,0.67,14.91,28.9,0.75,0.25,91.67,45.27,68.0,68.0,6.52,0.45,5.78,3.36,203.8,0.17,5.78
SKU_1,2025-02-01,7.75,9.07,7,4,81.42,0.0,0.08,88.0,5.91,10,0.5,20.36,40.4,0.75,0.25,91.67,96.02,160.1,160.1,11.67,0.48,0.09,0.08,758.86,0.1,0.09
SKU_1,2025-03-01,-5.17,-8.86,4,8,26.29,0.0,0.0,,5.5,12,0.67,9.64,15.1,0.8,0.38,91.67,40.07,64.25,64.25,5.85,0.58,0.7,0.54,138.45,0.07,0.7
SKU_1,2025-04-01,-67.33,-10.68,6,5,400.38,0.0,0.0,,5.27,8,0.5,159.82,298.9,0.57,0.62,83.33,608.73,1029.43,1029.43,84.6,0.57,0.03,0.02,25811.7,0.14,0.03
SKU_1,2025-05-01,4.58,10.82,8,3,24.08,0.0,0.08,28.0,5.36,7,0.58,7.27,13.9,0.67,0.38,91.67,29.53,50.8,50.8,4.22,0.47,0.95,0.7,51.78,0.09,0.95
SKU_1,2025-06-01,-31.17,-9.27,7,3,395.08,0.0,0.08,418.0,5.6,9,0.75,82.27,173.2,0.77,0.5,91.67,458.24,760.76,760.76,54.64,0.6,0.02,0.01,21417.9,0.13,0.02
SKU_1,2025-07-01,-38.92,-11.51,5,7,407.29,0.0,0.08,430.0,5.5,12,0.75,47.55,60.1,0.93,0.25,91.67,463.51,781.5,781.5,55.9,0.5,0.01,0.01,4484.61,0.11,0.01
SKU_1,2025-08-01,1.33,3.43,5,6,19.29,0.0,0.0,,5.09,10,0.83,7.55,13.2,0.93,0.12,91.67,29.31,42.43,42.43,3.86,0.5,3.94,1.92,59.55,0.07,3.94
SKU_1,2025-09-01,-35.92,-10.2,3,7,349.42,0.0,0.08,376.0,6.0,5,0.75,83.91,183.5,0.67,0.33,91.67,407.1,683.61,683.61,49.82,0.55,0.02,0.01,20255.08,0.2,0.02
SKU_1,2025-10-01,27.5,12.0,12,0,9.13,0.0,0.0,,5.5,12,0.92,6.64,11.4,0.86,0.38,0.0,19.44,403.2,403.2,24.7,0.55,,,26.58,0.35,
SKU_1,2025-11-01,-13.0,-3.16,9,3,321.17,0.0,0.08,356.0,5.5,12,0.83,42.09,46.1,0.71,0.5,91.67,408.64,650.49,650.49,48.9,0.58,0.04,0.02,3563.95,0.35,0.04
SKU_1,2025-12-01,-8.5,-1.99,10,2,316.12,0.0,0.08,353.0,5.5,12,0.5,46.91,61.9,0.62,0.57,91.67,409.14,645.56,645.56,49.08,0.54,0.03,0.02,3618.74,0.33,0.03
SKU_1,2026-01-01,19.36,9.56,9,2,9.86,0.0,0.0,,5.0,11,0.55,11.2,21.67,0.5,0.71,54.55,52.92,110.9,110.9,15.86,0.57,7.47,6.34,201.51,0.36,7.47
SKU_1,2026-02-01,-9.6,-1.55,9,1,312.85,0.0,0.0,,4.5,10,0.6,92.11,205.0,0.6,0.67,90.0,455.58,716.0,716.0,56.37,0.56,0.12,0.03,15102.92,0.35,0.12
SKU_1,2026-03-01,-43.78,-8.25,4,5,357.39,0.0,0.0,,4.0,9,0.78,100.5,170.71,0.73,0.2,88.89,472.06,809.32,809.32,60.25,0.5,0.02,0.02,12133.39,0.23,0.02
SKU_1,2026-04-01,6.12,5.85,4,2,35.19,0.0,0.0,,3.33,5,0.88,15.57,31.17,1.0,0.0,87.5,54.79,91.0,91.0,7.63,0.64,0.3,0.14,302.06,0.19,0.3
SKU_1,2026-05-01,-2.57,-4.2,2,4,6.43,0.0,0.0,,3.33,5,0.86,6.17,11.6,0.75,0.25,85.71,17.76,22.18,22.18,3.01,0.58,6.78,3.59,22.28,0.22,6.78
SKU_1,2026-06-01,4.0,1.38,3,2,20.58,0.0,0.0,,2.8,4,0.83,24.4,56.0,0.86,0.0,100.0,86.65,72.72,72.72,12.98,0.65,9.39,4.01,586.4,0.35,9.39
SKU_1,2026-07-01,-82.6,-5.0,0,4,358.5,0.0,0.0,,2.25,3,0.8,102.25,138.67,0.8,0.0,80.0,624.1,1080.25,1080.25,92.15,,0.04,0.04,,0.39,0.04
SKU_1,2026-08-01,1.75,1.87,2,1,7.5,0.0,0.0,,1.67,2,0.75,6.33,7.5,0.67,0.0,100.0,20.06,24.75,24.75,3.02,,15.68,13.7,,0.35,15.68
SKU_1,2026-09-01,-9.67,-2.49,1,2,24.33,0.0,0.0,,1.0,3,0.67,32.0,64.0,,,66.67,59.48,90.2,90.2,10.01,,,,,0.53,
SKU_1,2026-10-01,-191.0,-2.0,0,2,282.0,0.0,0.0,,0.5,2,1.0,376.0,,,,50.0,736.96,1316.14,1316.14,159.97,,0.13,0.12,,0.69,0.13
SKU_1,2026-11-01,-3.0,-1.0,0,1,0.0,0.0,0.0,,0.0,1,1.0,,,,,0.0,0.0,60.0,60.0,,,,,,1.98,
SKU_10,2025-01-01,-19.42,-4.75,5,6,336.33,0.0,0.08,370.0,5.82,9,0.42,61.18,83.0,0.57,0.5,91.67,428.65,676.62,676.62,52.4,0.54,0.05,0.04,4854.41,0.13,0.05
SKU_10,2025-02-01,-2.08,-4.23,6,5,27.42,0.0,0.08,32.0,5.18,9,0.67,9.36,14.2,0.71,0.38,91.67,38.76,58.75,58.75,4.98,0.45,4.45,2.5,71.96,0.12,4.45
SKU_10,2025-03-01,-33.33,-9.02,4,7,386.92,0.0,0.08,414.0,5.55,6,0.67,56.64,75.9,0.8,0.14,91.67,454.05,753.51,753.51,54.7,0.6,0.04,0.02,4490.19,0.13,0.04
SKU_10,2025-04-01,5.58,6.54,5,6,72.04,0.0,0.08,79.0,5.0,11,0.75,21.0,36.1,0.71,0.17,91.67,88.79,144.09,144.09,10.79,0.5,0.09,0.08,330.8,0.08,0.09
SKU_10,2025-05-01,-34.42,-11.04,5,6,363.62,0.0,0.08,385.0,5.0,11,0.75,77.36,165.0,0.88,0.22,91.67,416.19,699.88,699.88,50.23,0.6,0.02,0.01,14086.89,0.1,0.02
SKU_10,2025-06-01,-36.0,-11.03,4,7,386.87,0.0,0.08,409.0,5.36,7,0.58,46.55,58.3,0.5,0.5,91.67,442.5,743.56,743.56,53.3,0.54,0.02,0.01,4173.69,0.11,0.02
SKU_10,2025-07-01,-29.17,-8.54,5,7,352.71,0.0,0.08,378.0,5.5,12,0.75,84.64,175.4,0.62,0.33,91.67,415.81,688.16,688.16,49.97,0.6,0.04,0.02,17280.56,0.15,0.04
SKU_10,2025-08-01,-66.17,-10.73,4,6,348.92,0.0,0.0,,5.8,5,0.58,124.09,225.1,0.67,0.29,83.33,586.18,1003.71,1003.71,82.05,0.57,0.03,0.03,22297.62,0.13,0.03
SKU_10,2025-09-01,-5.83,-7.92,4,6,28.67,0.0,0.0,,5.5,4,0.67,14.09,24.7,0.8,0.14,83.33,54.38,87.91,87.91,7.79,0.6,6.12,3.79,180.26,0.13,6.12
SKU_10,2025-10-01,-36.33,-10.9,7,5,376.62,0.0,0.08,400.0,5.5,12,0.33,84.36,143.5,0.71,0.57,91.67,432.34,727.14,727.14,52.32,0.52,0.02,0.01,7561.17,0.15,0.02
SKU_10,2025-11-01,-21.92,-5.43,5,6,363.04,0.0,0.08,395.0,5.73,8,0.33,96.64,186.9,0.62,0.71,91.67,455.07,721.98,721.98,55.5,0.6,0.04,0.04,12493.39,0.19,0.04
SKU_10,2025-12-01,7.92,8.98,6,5,77.96,0.0,0.08,85.0,5.09,10,0.58,18.55,35.7,0.77,0.43,91.67,92.59,154.62,154.62,11.34,0.49,0.09,0.08,844.03,0.09,0.09
SKU_10,2026-01-01,-66.64,-9.61,5,6,329.32,0.0,0.0,,5.0,11,0.82,161.8,302.89,0.75,0.5,81.82,589.1,993.69,993.69,83.7,0.53,0.06,0.04,28142.46,0.13,0.06
SKU_10,2026-02-01,8.5,9.55,8,2,56.15,0.0,0.0,,4.5,10,0.9,10.33,14.25,0.83,0.17,90.0,70.7,124.0,124.0,9.26,0.53,0.25,0.11,132.79,0.1,0.25
SKU_10,2026-03-01,1.33,1.23,5,4,23.89,0.0,0.0,,4.0,9,0.67,14.5,20.86,0.67,0.4,88.89,56.66,73.0,73.0,7.86,0.56,7.63,3.62,247.01,0.19,7.63
SKU_10,2026-04-01,0.25,0.8,3,3,2.81,0.0,0.0,,3.5,6,0.75,4.0,7.5,0.8,0.2,100.0,11.88,10.01,10.01,1.77,0.51,6.08,3.11,13.7,0.22,6.08
SKU_10,2026-05-01,-4.29,-4.2,3,3,25.0,0.0,0.0,,2.67,5,0.71,8.0,8.0,0.57,0.75,85.71,43.89,69.93,69.93,6.15,0.54,13.3,6.96,96.73,0.35,13.3
SKU_10,2026-06-01,11.67,4.04,3,3,71.33,0.0,0.0,,2.5,6,0.5,35.6,62.25,0.8,0.0,83.33,124.57,203.64,203.64,17.2,0.4,0.38,0.19,1211.87,0.44,0.38
SKU_10,2026-07-01,-12.0,-3.85,2,3,22.7,0.0,0.0,,2.0,5,0.6,21.0,39.67,0.5,0.5,80.0,69.64,92.67,92.67,12.27,,20.43,10.64,,0.27,20.43
SKU_10,2026-08-01,1.25,1.05,3,1,2.75,0.0,0.0,,1.5,4,0.75,4.33,6.5,0.67,0.0,100.0,19.28,16.18,16.18,3.01,,10.92,4.75,,0.18,10.92
SKU_10,2026-09-01,26.33,2.86,2,1,65.5,0.0,0.0,,1.0,3,0.33,41.0,76.0,,,66.67,148.83,241.89,241.89,25.62,,0.45,0.4,,0.67,0.45
SKU_10,2026-10-01,-4.0,-1.6,1,1,6.0,0.0,0.0,,0.5,2,0.5,10.0,,,,100.0,19.6,24.21,24.21,3.78,,97.82,47.75,,0.63,97.82
SKU_10,2026-11-01,2.0,1.0,1,0,0.0,0.0,0.0,,0.0,1,1.0,,,,,0.0,0.0,40.0,40.0,,,,,,1.73,
SKU_2,2025-01-01,-28.17,-7.24,5,7,368.92,0.0,0.08,399.0,5.5,12,0.42,94.91,183.7,0.75,0.0,91.67,448.41,727.72,727.72,54.44,0.61,0.03,0.02,21372.77,0.19,0.03
SKU_2,2025-02-01,-3.33,-5.85,4,6,32.75,0.0,0.08,38.0,4.8,8,0.58,8.36,11.7,0.5,1.0,91.67,44.88,69.61,69.61,5.82,0.58,3.23,1.13,56.69,0.07,3.23
SKU_2,2025-03-01,-30.83,-10.42,5,7,355.08,0.0,0.08,375.0,5.5,12,0.67,73.45,158.8,0.8,0.14,91.67,407.25,681.96,681.96,48.72,0.57,0.02,0.02,13533.07,0.09,0.02
SKU_2,2025-04-01,3.25,3.42,4,6,71.92,0.0,0.08,80.0,5.9,6,0.75,19.73,37.3,0.86,0.0,91.67,98.44,147.1,147.1,12.36,0.45,0.19,0.09,656.51,0.12,0.19
SKU_2,2025-05-01,-31.42,-8.49,5,6,374.33,0.0,0.08,402.0,5.18,9,0.5,89.82,192.2,0.71,0.5,91.67,446.37,732.43,732.43,54.2,0.62,0.03,0.02,19735.07,0.14,0.03
SKU_2,2025-06-01,2.5,2.31,3,8,74.5,0.0,0.08,84.0,5.55,6,0.5,16.73,20.4,0.57,0.5,91.67,101.88,154.25,154.25,12.67,0.48,0.27,0.1,267.64,0.08,0.27
SKU_2,2025-07-01,-61.08,-11.53,5,7,317.62,0.0,0.0,,5.5,12,0.75,136.18,259.1,0.75,0.25,83.33,530.46,914.89,914.89,74.32,0.43,0.04,0.03,22356.55,0.12,0.04
SKU_2,2025-08-01,-29.92,-10.53,6,6,355.46,0.0,0.08,374.0,5.5,12,0.67,72.36,156.2,0.71,0.5,91.67,406.93,680.25,680.25,48.58,0.51,0.02,0.02,10195.04,0.09,0.02
SKU_2,2025-09-01,-4.08,-6.76,5,6,26.08,0.0,0.0,,5.64,7,0.5,10.55,18.8,0.67,0.29,91.67,40.05,58.94,58.94,5.68,0.52,6.45,3.73,128.97,0.12,6.45
SKU_2,2025-10-01,30.0,11.43,11,1,91.04,0.0,0.08,118.0,5.5,12,0.58,26.55,53.9,0.8,0.38,91.67,111.22,212.22,212.22,21.73,0.56,2.58,1.24,1368.16,0.36,2.58
SKU_2,2025-11-01,40.08,12.0,12,0,69.5,0.0,0.0,,5.5,12,0.75,17.73,28.6,0.88,0.0,75.0,119.93,297.36,297.36,28.75,0.47,,,890.0,0.39,
SKU_2,2025-12-01,3.67,0.69,10,2,303.33,0.0,0.08,353.0,5.5,12,0.5,94.91,180.9,0.71,0.5,91.67,440.79,649.99,649.99,55.72,0.57,0.27,0.07,21281.49,0.3,0.27
SKU_2,2026-01-01,-43.36,-5.28,9,2,329.05,0.0,0.0,,5.0,11,0.82,160.3,352.44,0.86,0.0,81.82,601.98,923.03,923.03,82.4,0.5,0.03,0.03,36336.27,0.41,0.03
SKU_2,2026-02-01,32.5,10.0,10,0,89.5,0.0,0.0,,4.5,10,0.7,25.33,55.38,0.73,0.0,90.0,111.53,234.0,234.0,22.63,0.58,,,1479.11,0.47,
SKU_2,2026-03-01,-51.22,-8.55,2,7,351.39,0.0,0.0,,4.0,9,0.67,110.25,190.86,0.73,0.2,88.89,464.56,810.01,810.01,60.81,0.56,0.02,0.02,12147.97,0.16,0.02
SKU_2,2026-04-01,3.88,4.07,4,3,22.12,0.0,0.0,,3.57,4,0.62,9.71,12.0,0.8,0.2,87.5,42.96,60.99,60.99,6.22,0.48,4.45,1.2,98.28,0.18,4.45
SKU_2,2026-05-01,16.14,6.33,4,2,61.43,0.0,0.0,,2.67,5,0.71,40.33,95.8,0.67,0.5,85.71,110.17,171.81,171.81,17.16,0.59,0.16,0.14,1044.73,0.27,0.16
SKU_2,2026-06-01,-7.17,-6.0,0,5,28.58,0.0,0.0,,2.4,3,0.83,13.4,25.25,0.67,0.33,83.33,45.57,84.5,84.5,6.84,0.68,5.96,4.1,162.17,0.3,5.96
SKU_2,2026-07-01,-79.8,-4.69,3,2,353.8,0.0,0.0,,2.0,5,0.4,211.0,423.33,0.8,0.0,80.0,626.23,1070.46,1070.46,91.89,,0.04,0.04,,0.24,0.04
SKU_2,2026-08-01,17.75,2.93,2,2,62.12,0.0,0.0,,1.5,4,0.75,35.33,48.5,0.67,0.0,75.0,136.4,213.3,213.3,21.02,,0.78,0.34,,0.38,0.78
SKU_2,2026-09-01,-112.67,-2.15,1,2,309.83,0.0,0.0,,1.0,3,1.0,234.0,326.0,,,100.0,807.26,1092.6,1092.6,131.25,,0.14,0.12,,0.8,0.14
SKU_2,2026-10-01,7.0,2.0,2,0,3.0,0.0,0.0,,0.5,2,0.5,4.0,,,,0.0,7.84,80.79,80.79,5.88,,,,,1.31,
SKU_2,2026-11-01,6.0,1.0,1,0,0.0,0.0,0.0,,0.0,1,1.0,,,,,0.0,0.0,120.0,120.0,,,,,,2.0,
SKU_3,2025-01-01,-33.33,-10.86,6,6,382.92,0.0,0.08,403.0,5.5,12,0.58,78.36,169.0,0.75,0.25,91.67,437.16,732.81,732.81,52.28,0.54,0.02,0.01,19393.14,0.14,0.02
SKU_3,2025-02-01,-3.25,-6.59,4,8,24.25,0.0,0.0,,5.5,12,0.67,9.09,15.1,0.71,0.38,91.67,34.22,53.12,53.12,4.61,0.48,4.13,2.98,115.6,0.16,4.13
SKU_3,2025-03-01,-2.33,-4.31,5,5,20.58,0.0,0.0,,4.9,7,0.42,10.27,17.1,0.93,0.0,91.67,35.69,48.33,48.33,5.0,0.46,6.01,2.89,72.71,0.14,6.01
SKU_3,2025-04-01,13.25,7.98,10,2,60.25,0.0,0.0,,5.5,12,0.75,27.91,49.9,0.67,0.38,91.67,104.97,143.01,143.01,16.21,0.52,0.33,0.17,758.78,0.2,0.33
SKU_3,2025-05-01,-1.67,-3.0,8,4,27.67,0.0,0.0,,5.5,12,0.5,7.45,11.6,0.75,0.44,91.67,41.0,60.73,60.73,5.29,0.43,4.81,3.03,42.67,0.09,4.81
SKU_3,2025-06-01,-1.17,-2.05,2,9,25.46,0.0,0.08,31.0,5.73,8,0.83,8.82,17.0,0.8,0.25,91.67,40.1,57.28,57.28,5.26,0.53,7.59,2.99,172.38,0.12,7.59
SKU_3,2025-07-01,1.83,4.89,6,4,9.04,0.0,0.0,,4.6,9,0.42,8.73,15.6,0.75,0.14,83.33,22.85,30.55,30.55,3.36,0.5,5.46,3.75,35.66,0.12,5.46
SKU_3,2025-08-01,-8.92,-1.94,7,5,326.92,0.0,0.08,367.0,5.5,12,0.25,116.0,239.7,0.88,0.12,91.67,445.64,674.0,674.0,55.57,0.59,0.08,0.06,12576.88,0.14,0.08
SKU_3,2025-09-01,7.17,9.38,8,3,71.04,0.0,0.08,77.0,5.82,9,0.92,15.91,33.0,1.0,0.0,91.67,83.55,140.02,140.02,10.2,0.56,0.19,0.09,555.99,0.07,0.19
SKU_3,2025-10-01,-64.17,-9.24,5,6,346.88,0.0,0.0,,5.0,11,0.83,134.09,204.6,0.67,0.83,83.33,607.19,1010.29,1010.29,85.11,0.51,0.04,0.03,12797.99,0.14,0.04
SKU_3,2025-11-01,-0.42,-1.82,4,8,4.5,0.0,0.0,,5.5,12,0.67,4.27,8.5,0.82,0.12,91.67,12.65,13.44,13.44,1.85,0.52,7.08,1.79,10.84,0.17,7.08
SKU_3,2025-12-01,-22.67,-5.59,6,5,355.5,0.0,0.08,388.0,5.45,6,0.42,103.55,203.1,0.33,0.83,91.67,444.48,708.84,708.84,54.12,,0.04,0.04,20424.21,0.14,0.04
SKU_3,2026-01-01,-28.45,-6.79,2,8,358.5,0.0,0.09,387.0,4.5,10,0.64,96.4,167.78,0.86,0.14,90.91,456.39,738.46,738.46,56.4,0.57,0.03,0.03,8880.16,0.15,0.03
SKU_3,2026-02-01,3.9,6.19,6,3,29.4,0.0,0.0,,4.44,5,0.9,13.33,28.75,0.83,0.17,90.0,42.24,68.0,68.0,5.62,0.38,7.43,4.62,171.8,0.16,7.43
SKU_3,2026-03-01,-46.67,-8.15,4,5,371.67,0.0,0.0,,4.0,9,0.78,104.12,223.86,0.8,0.2,88.89,493.16,845.13,845.13,63.24,0.55,0.02,0.02,26285.73,0.26,0.02
SKU_3,2026-04-01,-4.12,-4.33,4,4,27.38,0.0,0.0,,3.5,8,0.75,13.86,21.17,0.67,0.6,87.5,46.07,72.83,72.83,6.33,0.63,12.84,6.12,141.03,0.25,12.84
SKU_3,2026-05-01,2.71,4.93,5,2,5.71,0.0,0.0,,3.0,7,1.0,3.17,5.6,1.0,0.0,85.71,16.06,23.55,23.55,2.79,0.47,3.89,1.25,20.22,0.18,3.89
SKU_3,2026-06-01,16.5,5.55,3,2,54.75,0.0,0.0,,2.0,5,0.67,30.0,51.75,0.4,1.0,83.33,96.57,169.3,169.3,15.62,0.48,0.5,0.21,728.3,0.21,0.5
SKU_3,2026-07-01,-70.6,-4.61,2,2,326.0,0.0,0.0,,1.75,3,0.4,186.75,481.0,0.67,0.0,80.0,579.19,977.93,977.93,84.34,,0.05,0.04,,0.44,0.05
SKU_3,2026-08-01,22.75,3.53,2,2,68.38,0.0,0.0,,1.5,4,0.75,34.33,51.5,0.67,0.0,75.0,140.97,242.55,242.55,22.8,,1.04,0.37,,0.42,1.04
SKU_3,2026-09-01,-15.0,-2.14,1,2,9.0,0.0,0.0,,1.0,3,0.67,36.0,72.0,,,100.0,66.52,55.83,55.83,14.1,,,,,0.67,
SKU_3,2026-10-01,-14.5,-2.0,0,2,18.75,0.0,0.0,,0.5,2,0.5,25.0,,,,50.0,49.0,105.51,105.51,11.57,,,,,0.94,
SKU_3,2026-11-01,5.0,1.0,1,0,0.0,0.0,0.0,,0.0,1,1.0,,,,,0.0,0.0,100.0,100.0,,,,,,2.0,
SKU_4,2025-01-01,2.58,3.92,8,3,24.38,0.0,0.0,,5.45,6,0.5,10.55,16.5,0.5,0.67,83.33,47.27,68.55,68.55,6.49,0.51,7.47,4.72,127.86,0.18,7.47
SKU_4,2025-02-01,7.25,10.14,8,2,34.12,0.0,0.0,,6.3,8,0.67,15.09,29.5,0.8,0.25,83.33,52.94,90.38,90.38,7.8,0.61,5.06,2.91,223.66,0.12,5.06
SKU_4,2025-03-01,2.42,5.35,8,4,23.71,0.0,0.0,,5.5,12,0.75,9.91,19.9,0.8,0.38,91.67,33.89,51.41,51.41,4.45,0.5,1.12,0.93,100.24,0.1,1.12
SKU_4,2025-04-01,2.08,3.7,6,5,22.42,0.0,0.0,,5.73,8,0.67,9.45,15.3,0.8,0.25,91.67,37.68,51.94,51.94,5.16,0.51,7.44,4.4,58.16,0.22,7.44
SKU_4,2025-05-01,-29.0,-10.82,5,5,329.29,0.0,0.08,347.0,5.1,5,0.67,66.91,144.3,0.82,0.22,91.67,376.24,630.96,630.96,45.04,0.53,0.02,0.02,14424.47,0.07,0.02
SKU_4,2025-06-01,-0.33,-0.67,9,3,25.21,0.0,0.08,30.0,5.5,12,0.58,10.09,21.2,0.89,0.0,91.67,37.68,55.27,55.27,4.81,0.5,10.53,5.25,137.56,0.16,10.53
SKU_4,2025-07-01,-28.92,-7.9,6,5,372.75,0.0,0.08,400.0,5.45,6,0.67,89.45,173.8,0.33,0.83,91.67,446.55,729.13,729.13,54.02,0.55,0.03,0.02,12808.63,0.11,0.03
SKU_4,2025-08-01,-38.08,-11.79,1,9,366.46,0.0,0.08,389.0,4.7,9,0.67,79.0,171.5,0.86,0.25,91.67,415.91,706.51,706.51,50.52,0.57,0.02,0.01,20894.43,0.09,0.02
SKU_4,2025-09-01,-30.33,-10.5,5,6,349.71,0.0,0.08,369.0,5.73,8,0.67,71.73,155.5,0.8,0.25,91.67,400.78,671.06,671.06,47.95,0.54,0.02,0.02,9694.73,0.15,0.02
SKU_4,2025-10-01,-61.33,-10.54,7,4,339.54,0.0,0.0,,5.64,7,0.92,147.64,320.7,0.94,0.0,83.33,577.8,978.4,978.4,80.18,0.45,0.05,0.03,27931.13,0.17,0.05
SKU_4,2025-11-01,-3.25,-4.37,7,5,26.46,0.0,0.0,,5.5,12,0.83,14.36,26.1,0.88,0.0,83.33,55.42,80.66,80.66,7.66,0.55,11.13,5.41,177.27,0.16,11.13
SKU_4,2025-12-01,9.5,5.18,7,4,65.5,0.0,0.0,,6.0,11,0.5,41.55,76.3,0.71,0.29,83.33,135.72,195.73,195.73,19.08,0.49,0.53,0.21,1313.48,0.2,0.53
SKU_4,2026-01-01,3.55,7.03,6,4,17.45,0.0,0.0,,4.6,9,0.45,10.5,21.0,0.8,0.14,90.91,28.63,42.18,42.18,4.28,0.64,5.72,2.32,64.68,0.12,5.72
SKU_4,2026-02-01,-1.8,-2.81,6,4,21.9,0.0,0.0,,4.5,10,0.6,9.44,12.88,0.83,0.17,90.0,37.22,54.0,54.0,4.99,0.48,9.27,4.74,79.47,0.16,9.27
SKU_4,2026-03-01,-34.78,-5.74,5,4,349.61,0.0,0.0,,4.0,9,0.78,110.62,182.86,0.92,0.14,88.89,490.67,805.36,805.36,62.52,0.59,0.04,0.03,12507.56,0.14,0.04
SKU_4,2026-04-01,2.88,4.28,4,3,20.12,0.0,0.0,,3.14,6,0.88,9.43,18.33,0.75,0.6,87.5,33.8,52.91,52.91,4.63,0.52,9.26,4.19,107.28,0.2,9.26
SKU_4,2026-05-01,-9.43,-5.13,2,4,25.71,0.0,0.0,,3.5,6,0.43,25.5,41.4,0.57,0.75,71.43,63.55,95.24,95.24,10.36,0.56,8.73,4.65,326.08,0.26,8.73
SKU_4,2026-06-01,2.0,3.6,3,3,7.42,0.0,0.0,,2.5,6,0.83,5.2,9.75,0.86,0.0,83.33,16.16,24.29,24.29,2.48,0.68,6.73,2.77,20.4,0.23,6.73
SKU_4,2026-07-01,1.4,3.18,3,2,4.3,0.0,0.0,,2.0,5,1.0,2.75,4.67,1.0,0.0,80.0,10.1,15.52,15.52,1.6,,27.3,14.61,,0.22,27.3
SKU_4,2026-08-01,8.5,4.0,2,0,25.25,0.0,0.0,,1.0,1,0.75,12.67,21.0,0.67,0.0,75.0,49.08,88.22,88.22,8.07,,4.81,4.32,,0.18,4.81
SKU_4,2026-09-01,0.67,1.5,1,1,2.17,0.0,0.0,,0.5,2,0.67,2.5,5.0,,,100.0,6.66,6.95,6.95,1.04,,25.56,12.45,,0.39,25.56
SKU_4,2026-10-01,-3.0,-0.86,1,1,4.5,0.0,0.0,,0.5,2,1.0,14.0,,,,100.0,27.44,23.03,23.03,4.53,,,,,1.01,
SKU_4,2026-11-01,2.0,1.0,1,0,0.0,0.0,0.0,,0.0,1,1.0,,,,,0.0,0.0,40.0,40.0,,,,,,1.73,
SKU_5,2025-01-01,10.42,8.11,7,5,77.25,0.0,0.0,,5.5,12,0.83,26.91,46.2,0.95,0.1,91.67,103.67,162.83,162.83,13.87,0.48,0.13,0.1,804.2,0.29,0.13
SKU_5,2025-02-01,5.58,10.44,10,1,27.96,0.0,0.0,,5.55,6,0.58,8.82,14.6,0.75,0.25,91.67,35.91,60.02,60.02,5.26,0.59,3.65,2.08,59.98,0.16,3.65
SKU_5,2025-03-01,17.42,11.45,10,1,61.96,0.0,0.0,,5.64,7,0.5,35.55,67.9,0.75,0.38,83.33,109.56,195.37,195.37,16.92,0.59,0.27,0.24,820.87,0.12,0.27
SKU_5,2025-04-01,-61.0,-9.61,4,7,359.25,0.0,0.0,,5.18,9,0.5,163.55,318.8,0.57,0.57,83.33,606.44,1005.71,1005.71,84.13,0.57,0.04,0.03,25749.53,0.09,0.04
SKU_5,2025-05-01,-2.25,-3.21,5,7,34.21,0.0,0.0,,5.5,12,0.42,13.09,25.0,1.0,0.0,91.67,50.84,75.44,75.44,6.57,0.55,4.94,2.54,185.96,0.1,4.94
SKU_5,2025-06-01,5.83,4.88,8,4,70.0,0.0,0.08,81.0,5.5,12,0.75,25.82,44.5,0.75,0.25,91.67,96.76,148.53,148.53,12.38,0.44,0.22,0.1,466.68,0.08,0.22
SKU_5,2025-07-01,-38.5,-11.31,4,7,390.42,0.0,0.08,414.0,5.91,10,0.75,81.0,169.6,0.8,0.14,91.67,445.9,752.37,752.37,54.0,0.56,0.02,0.01,16089.19,0.08,0.02
SKU_5,2025-08-01,-0.33,-0.26,4,8,69.0,0.0,0.08,81.0,5.5,12,0.58,22.0,36.5,0.57,0.33,91.67,105.98,149.82,149.82,13.74,0.5,0.27,0.1,389.05,0.14,0.27
SKU_5,2025-09-01,0.58,1.01,6,3,27.46,0.0,0.0,,5.44,7,0.67,9.36,14.1,0.77,0.29,83.33,52.14,77.5,77.5,6.87,0.56,1.61,0.75,92.83,0.08,1.61
SKU_5,2025-10-01,7.08,7.13,5,7,78.62,0.0,0.08,87.0,5.5,12,0.42,23.36,48.4,0.75,0.25,91.67,96.86,158.55,158.55,11.86,0.58,0.21,0.1,1131.16,0.14,0.21
SKU_5,2025-11-01,9.33,8.96,5,6,73.96,0.0,0.08,83.0,5.45,6,0.83,22.27,40.7,0.88,0.12,91.67,95.07,151.63,151.63,12.48,0.6,0.49,0.14,705.45,0.18,0.49
SKU_5,2025-12-01,1.83,4.55,5,7,8.67,0.0,0.0,,5.5,12,0.92,7.09,12.6,0.86,0.38,91.67,22.4,24.8,24.8,3.4,0.53,4.99,2.68,30.69,0.22,4.99
SKU_5,2026-01-01,4.09,6.11,7,3,20.86,0.0,0.0,,5.3,8,0.64,10.7,18.33,0.5,1.43,81.82,39.75,58.16,58.16,5.83,0.51,6.81,2.99,77.21,0.16,6.81
SKU_5,2026-02-01,0.2,0.62,6,3,5.2,0.0,0.0,,4.56,5,0.8,5.44,7.5,0.6,1.0,90.0,15.66,16.0,16.0,2.28,0.6,8.14,4.06,13.16,0.21,8.14
SKU_5,2026-03-01,-1.11,-2.25,3,6,2.89,0.0,0.0,,4.0,9,0.67,4.62,8.0,0.44,0.8,100.0,18.52,15.54,15.54,2.88,0.46,10.75,6.06,28.56,0.27,10.75
SKU_5,2026-04-01,16.0,7.64,6,2,68.19,0.0,0.0,,3.5,8,0.88,28.71,56.17,1.0,0.0,87.5,105.55,177.86,177.86,15.98,0.63,0.14,0.13,1026.38,0.19,0.14
SKU_5,2026-05-01,-2.14,-3.0,3,4,4.5,0.0,0.0,,3.0,7,0.71,5.83,10.4,0.57,0.75,100.0,19.59,18.67,18.67,3.22,0.59,2.82,1.21,30.15,0.2,2.82
SKU_5,2026-06-01,-59.83,-4.71,3,3,321.25,0.0,0.0,,2.5,6,0.33,173.8,416.25,0.67,0.33,83.33,545.29,918.26,918.26,76.61,0.59,0.1,0.04,23219.77,0.31,0.1
SKU_5,2026-07-01,-5.0,-4.31,2,2,21.7,0.0,0.0,,2.5,4,0.6,12.75,23.67,0.67,0.0,80.0,39.43,66.91,66.91,5.8,,24.77,14.49,,0.22,24.77
SKU_5,2026-08-01,-0.75,-0.92,1,3,2.25,0.0,0.0,,1.5,4,0.25,5.67,8.5,0.67,0.0,100.0,13.68,11.48,11.48,2.11,,28.39,14.19,,0.62,28.39
SKU_5,2026-09-01,-1.0,-1.29,1,1,3.5,0.0,0.0,,0.5,2,0.67,6.0,12.0,,,100.0,11.54,10.74,10.74,1.78,,22.18,12.26,,0.25,22.18
SKU_5,2026-10-01,2.5,2.0,1,0,3.75,0.0,0.0,,1.0,1,1.0,5.0,,,,50.0,9.8,17.1,17.1,2.11,,25.03,22.72,,0.5,25.03
SKU_5,2026-11-01,2.0,1.0,1,0,0.0,0.0,0.0,,0.0,1,1.0,,,,,0.0,0.0,40.0,40.0,,,,,,1.73,
SKU_6,2025-01-01,7.33,8.66,4,5,85.67,0.0,0.08,92.0,5.78,5,0.67,18.55,36.8,0.82,0.3,91.67,101.04,167.47,167.47,12.17,0.55,0.12,0.09,837.39,0.13,0.12
SKU_6,2025-02-01,-2.0,-3.6,6,5,24.58,0.0,0.0,,5.55,6,0.75,8.36,11.7,0.71,0.38,91.67,39.07,55.46,55.46,5.25,0.51,3.49,1.65,46.79,0.14,3.49
SKU_6,2025-03-01,-31.0,-9.66,6,5,382.33,0.0,0.08,404.0,5.36,7,0.75,78.18,165.8,0.8,0.38,91.67,442.23,735.19,735.19,52.84,0.5,0.02,0.01,15665.6,0.1,0.02
SKU_6,2025-04-01,-36.08,-11.27,4,8,384.46,0.0,0.08,406.0,5.5,12,0.58,79.45,169.4,0.71,0.43,91.67,437.68,737.88,737.88,52.62,0.53,0.02,0.01,11738.32,0.14,0.02
SKU_6,2025-05-01,-1.25,-5.14,3,6,4.38,0.0,0.0,,5.78,3,0.58,4.55,8.3,0.75,0.44,100.0,14.15,13.75,13.75,2.2,0.5,2.18,1.85,15.08,0.1,2.18
SKU_6,2025-06-01,10.0,8.28,5,7,82.33,0.0,0.0,,5.5,12,0.67,29.27,52.4,0.8,0.25,91.67,108.55,170.18,170.18,14.23,0.52,0.17,0.12,565.2,0.14,0.17
SKU_6,2025-07-01,-30.33,-9.1,6,5,336.04,0.0,0.08,361.0,5.45,6,0.58,82.18,173.3,0.67,0.29,91.67,395.4,656.97,656.97,47.87,0.58,0.04,0.02,16043.05,0.1,0.04
SKU_6,2025-08-01,-25.75,-7.65,6,6,352.25,0.0,0.08,377.0,5.5,12,0.67,85.36,184.3,0.67,0.38,91.67,422.07,687.37,687.37,50.9,0.58,0.04,0.03,14318.18,0.11,0.04
SKU_6,2025-09-01,10.75,10.12,9,3,62.21,0.0,0.0,,5.5,12,0.83,24.09,50.4,0.75,0.25,91.67,82.66,132.09,132.09,11.6,0.45,0.1,0.08,542.46,0.15,0.1
SKU_6,2025-10-01,9.67,6.05,6,6,80.79,0.0,0.0,,5.5,12,0.67,34.73,71.8,0.71,0.0,91.67,121.05,176.93,176.93,16.49,0.55,0.39,0.12,1281.26,0.14,0.39
SKU_6,2025-11-01,-57.75,-10.2,7,5,329.96,0.0,0.0,,5.5,12,0.83,144.73,279.4,0.75,0.25,83.33,556.57,936.95,936.95,77.08,0.5,0.05,0.03,25070.63,0.12,0.05
SKU_6,2025-12-01,-3.0,-4.0,8,4,25.33,0.0,0.0,,5.5,12,0.67,16.55,31.7,0.67,0.38,83.33,53.25,75.21,75.21,7.41,0.61,3.58,0.88,256.89,0.1,3.58
SKU_6,2026-01-01,-3.18,-3.08,4,6,29.41,0.0,0.0,,4.9,6,0.64,21.4,30.78,0.67,0.43,90.91,67.75,82.57,82.57,9.58,0.52,0.13,0.07,376.68,0.11,0.13
SKU_6,2026-02-01,-2.3,-4.34,4,5,19.9,0.0,0.0,,4.11,8,0.9,9.0,16.88,0.92,0.0,90.0,31.99,48.0,48.0,4.32,0.46,3.21,2.86,106.65,0.11,3.21
SKU_6,2026-03-01,-41.78,-7.29,4,5,322.0,0.0,0.0,,4.0,9,0.56,97.62,164.0,0.67,1.0,88.89,438.16,745.81,745.81,56.67,0.58,0.02,0.02,10356.96,0.26,0.02
SKU_6,2026-04-01,-46.5,-7.22,3,5,338.38,0.0,0.0,,3.5,8,0.62,109.71,191.67,0.5,0.5,87.5,475.61,817.71,817.71,62.29,0.56,0.03,0.02,14733.38,0.14,0.03
SKU_6,2026-05-01,-39.14,-3.79,5,2,342.14,0.0,0.0,,3.0,7,0.57,161.0,336.2,0.75,0.0,85.71,567.77,901.51,901.51,75.66,0.65,0.05,0.04,28989.63,0.4,0.05
SKU_6,2026-06-01,0.0,0.0,2,3,2.0,0.0,0.0,,2.2,4,0.83,2.8,5.5,0.5,1.0,100.0,10.85,9.11,9.11,1.62,0.43,6.73,2.77,9.2,0.26,6.73
SKU_6,2026-07-01,-76.0,-4.61,3,1,353.2,0.0,0.0,,1.75,3,0.6,103.25,139.0,,1.0,80.0,627.26,1057.59,1057.59,91.24,,0.04,0.04,,0.43,0.04
SKU_6,2026-08-01,-12.25,-4.0,0,4,27.0,0.0,0.0,,1.5,4,0.5,14.0,19.5,,1.0,75.0,52.69,108.67,108.67,9.92,,15.68,13.7,,0.58,15.68
SKU_6,2026-09-01,1.67,1.67,1,2,5.0,0.0,0.0,,1.0,3,1.0,4.0,8.0,,,100.0,14.78,17.72,17.72,2.31,,38.92,18.68,,0.4,38.92
SKU_6,2026-10-01,-1.0,-0.5,1,1,1.5,0.0,0.0,,0.5,2,0.5,8.0,,,,100.0,15.68,13.16,13.16,2.47,,25.03,22.72,,0.43,25.03
SKU_6,2026-11-01,-386.0,-1.0,0,1,0.0,0.0,0.0,,0.0,1,1.0,,,,,0.0,0.0,7720.0,7720.0,,,,,,2.0,
SKU_7,2025-01-01,-23.25,-5.27,6,6,376.21,0.0,0.08,412.0,5.5,12,0.58,107.18,222.9,0.89,0.11,91.67,470.91,752.53,752.53,57.11,0.53,0.04,0.01,26437.86,0.2,0.04
SKU_7,2025-02-01,-1.17,-3.0,4,7,9.92,0.0,0.0,,5.27,8,0.5,6.36,8.7,0.82,0.12,91.67,23.89,26.67,26.67,3.47,0.49,3.52,1.92,43.38,0.07,3.52
SKU_7,2025-03-01,-2.75,-6.29,4,8,24.92,0.0,0.08,29.0,5.5,12,0.83,8.09,14.3,0.86,0.14,91.67,33.65,53.04,53.04,4.36,0.44,2.84,1.91,99.42,0.11,2.84
SKU_7,2025-04-01,-70.92,-11.57,4,6,377.46,0.0,0.0,,5.2,5,0.58,154.18,288.7,0.75,0.44,83.33,602.13,1041.46,1041.46,84.61,0.54,0.03,0.02,19754.23,0.19,0.03
SKU_7,2025-05-01,-2.25,-6.11,4,7,3.92,0.0,0.0,,5.36,7,0.5,7.27,14.1,0.8,0.62,100.0,17.9,16.65,16.65,3.01,0.49,4.9,3.06,23.96,0.1,4.9
SKU_7,2025-06-01,-68.33,-11.6,5,6,352.25,0.0,0.0,,5.73,8,0.67,114.36,206.8,0.8,0.25,83.33,587.94,1016.06,1016.06,82.49,0.47,0.03,0.03,14225.62,0.07,0.03
SKU_7,2025-07-01,-2.58,-4.28,5,6,28.17,0.0,0.0,,5.45,6,0.67,9.73,11.9,0.57,0.43,91.67,43.28,62.72,62.72,5.78,0.57,2.23,1.88,67.74,0.09,2.23
SKU_7,2025-08-01,0.92,1.23,6,5,27.54,0.0,0.0,,5.18,9,0.67,13.64,23.2,0.82,0.12,83.33,56.2,75.22,75.22,7.69,0.54,7.61,3.26,127.65,0.11,7.61
SKU_7,2025-09-01,-29.25,-7.73,5,7,360.79,0.0,0.08,390.0,5.5,12,0.58,96.91,210.0,0.8,0.38,91.67,437.22,711.15,711.15,53.29,0.62,0.04,0.03,23565.12,0.11,0.04
SKU_7,2025-10-01,-2.33,-4.67,4,7,23.17,0.0,0.0,,6.0,11,0.92,10.18,18.5,0.88,0.12,91.67,35.4,51.62,51.62,4.74,0.58,5.13,2.19,74.36,0.12,5.13
SKU_7,2025-11-01,-24.92,-7.22,9,2,367.96,0.0,0.08,393.0,6.0,11,0.5,83.09,177.6,0.88,0.12,91.67,437.08,716.13,716.13,52.04,0.43,0.02,0.01,11429.44,0.17,0.02
SKU_7,2025-12-01,-22.75,-4.81,6,6,389.04,0.0,0.08,428.0,5.5,12,0.5,71.91,98.7,0.5,1.0,91.67,500.12,783.28,783.28,61.58,0.48,0.03,0.01,5098.0,0.16,0.03
SKU_7,2026-01-01,-35.73,-8.91,4,6,400.23,0.0,0.09,425.0,5.4,9,0.91,93.7,199.56,0.86,0.14,90.91,483.72,809.63,809.63,58.79,0.4,0.02,0.01,30682.14,0.16,0.02
SKU_7,2026-02-01,27.8,9.14,6,3,57.8,0.0,0.0,,4.33,6,0.6,38.22,64.62,0.44,0.75,70.0,143.19,245.66,245.66,25.6,0.56,0.39,0.35,1681.19,0.16,0.39
SKU_7,2026-03-01,-112.89,-6.58,5,4,296.22,0.0,0.0,,4.0,9,0.44,285.62,535.71,0.5,0.75,88.89,809.3,1081.93,1081.93,131.62,0.54,0.11,0.08,52387.62,0.26,0.11
SKU_7,2026-04-01,-6.25,-5.26,3,4,20.25,0.0,0.0,,4.0,7,0.38,19.71,39.33,0.67,0.6,75.0,50.72,73.65,73.65,7.87,0.62,8.12,4.07,194.49,0.27,8.12
SKU_7,2026-05-01,7.29,6.49,5,2,26.36,0.0,0.0,,3.0,7,0.57,13.67,27.4,0.57,0.5,85.71,41.63,76.46,76.46,6.55,0.48,5.16,3.33,147.73,0.21,5.16
SKU_7,2026-06-01,-1.5,-1.86,2,3,7.08,0.0,0.0,,2.6,3,0.5,10.0,17.5,0.67,0.33,100.0,22.26,24.21,24.21,3.37,0.65,7.49,2.87,38.7,0.23,7.49
SKU_7,2026-07-01,0.8,2.5,3,1,1.7,0.0,0.0,,2.5,4,0.8,2.5,4.33,0.8,0.0,100.0,6.74,6.34,6.34,1.12,,16.43,7.38,,0.12,16.43
SKU_7,2026-08-01,2.0,2.67,3,1,1.25,0.0,0.0,,1.5,4,1.0,4.0,9.0,1.0,0.0,100.0,9.19,8.43,8.43,1.94,,,,,0.61,
SKU_7,2026-09-01,-1.0,-0.69,1,2,1.0,0.0,0.0,,1.0,3,0.67,9.0,18.0,,,100.0,16.94,14.21,14.21,2.66,,13.5,11.93,,0.41,13.5
SKU_7,2026-10-01,3.0,2.0,2,0,1.5,0.0,0.0,,0.5,2,1.0,2.0,,,,0.0,3.92,30.39,30.39,2.44,,,,,0.94,
SKU_7,2026-11-01,9.0,1.0,1,0,0.0,0.0,0.0,,0.0,1,1.0,,,,,0.0,0.0,180.0,180.0,,,,,,2.0,
SKU_8,2025-01-01,-26.42,-5.57,4,6,410.79,0.0,0.08,449.0,5.4,7,0.67,76.91,119.4,0.94,0.0,91.67,514.04,820.23,820.23,62.58,0.6,0.04,0.03,6468.77,0.12,0.04
SKU_8,2025-02-01,-0.58,-1.58,7,4,9.12,0.0,0.0,,6.0,11,0.33,7.0,12.2,0.89,0.0,91.67,21.85,24.72,24.72,3.14,0.47,4.89,2.09,31.87,0.22,4.89
SKU_8,2025-03-01,-0.25,-0.42,7,4,25.21,0.0,0.0,,5.27,8,0.67,10.18,19.0,0.67,0.5,91.67,41.12,57.42,57.42,5.43,0.48,4.44,3.34,118.98,0.16,4.44
SKU_8,2025-04-01,-36.08,-10.89,3,7,386.29,0.0,0.08,409.0,6.0,7,0.75,45.45,55.8,0.77,0.17,91.67,442.29,743.53,743.53,53.27,0.49,0.02,0.01,3921.15,0.08,0.02
SKU_8,2025-05-01,4.58,3.95,5,5,62.12,0.0,0.0,,5.7,5,0.58,28.73,57.8,0.89,0.11,91.67,97.15,135.26,135.26,12.92,0.49,0.28,0.1,644.27,0.07,0.28
SKU_8,2025-06-01,-35.83,-11.03,5,7,348.46,0.0,0.08,372.0,5.5,12,0.5,80.55,171.8,0.67,0.5,91.67,400.11,675.96,675.96,48.73,0.58,0.02,0.02,19668.49,0.14,0.02
SKU_8,2025-07-01,1.08,1.88,6,5,22.25,0.0,0.0,,5.18,9,0.67,9.27,16.5,0.67,0.29,91.67,38.32,52.03,52.03,5.19,0.55,2.67,2.31,99.87,0.09,2.67
SKU_8,2025-08-01,-2.33,-9.33,2,9,8.46,0.0,0.0,,5.36,7,0.75,3.45,4.8,0.67,0.75,91.67,13.61,20.24,20.24,2.26,0.47,2.7,2.37,8.56,0.1,2.7
SKU_8,2025-09-01,-36.0,-11.17,6,5,382.17,0.0,0.08,404.0,5.82,9,0.92,83.55,179.9,0.88,0.12,91.67,436.37,734.37,734.37,52.59,0.58,0.02,0.01,23140.89,0.09,0.02
SKU_8,2025-10-01,-31.67,-11.12,5,6,358.54,0.0,0.08,377.0,6.0,11,0.67,72.91,159.2,0.75,0.25,91.67,408.43,685.46,685.46,48.89,0.55,0.02,0.02,16953.12,0.15,0.02
SKU_8,2025-11-01,4.0,4.43,6,6,29.75,0.0,0.0,,5.5,12,0.83,21.55,38.7,0.75,0.25,83.33,65.65,86.6,86.6,9.27,0.55,7.64,3.98,329.79,0.24,7.64
SKU_8,2025-12-01,-17.83,-4.59,6,6,334.54,0.0,0.08,366.0,5.5,12,0.83,96.0,188.8,0.92,0.0,91.67,426.76,669.69,669.69,52.25,0.51,0.06,0.04,18717.09,0.23,0.06
SKU_8,2026-01-01,-28.82,-5.94,5,5,398.27,0.0,0.09,432.0,4.5,10,0.73,111.3,234.78,0.86,0.14,90.91,509.07,824.29,824.29,62.38,0.65,0.04,0.02,34596.93,0.22,0.04
SKU_8,2026-02-01,4.4,3.55,4,5,69.5,0.0,0.0,,4.56,5,0.7,17.89,24.5,0.55,1.0,90.0,102.9,156.0,156.0,13.21,0.57,0.22,0.11,273.16,0.14,0.22
SKU_8,2026-03-01,-45.78,-8.2,4,5,398.33,0.0,0.0,,4.0,9,0.78,111.25,252.29,0.73,0.2,88.89,525.76,895.42,895.42,66.73,0.59,0.02,0.02,30387.97,0.23,0.02
SKU_8,2026-04-01,19.5,6.43,3,4,71.38,0.0,0.0,,3.29,5,0.75,37.0,55.33,0.91,0.0,75.0,145.56,231.77,231.77,22.38,0.62,0.3,0.27,1184.92,0.25,0.3
SKU_8,2026-05-01,-1.86,-3.64,2,5,6.0,0.0,0.0,,3.0,7,1.0,4.0,8.8,1.0,0.0,85.71,15.17,20.26,20.26,2.42,0.21,3.2,1.22,18.13,0.22,3.2
SKU_8,2026-06-01,-5.5,-3.14,3,3,24.08,0.0,0.0,,2.5,6,0.83,12.4,12.75,0.8,0.33,83.33,52.97,77.03,77.03,7.91,0.68,16.59,8.11,219.1,0.38,16.59
SKU_8,2026-07-01,-6.6,-2.62,2,3,24.6,0.0,0.0,,2.0,5,0.8,11.0,5.67,,,80.0,61.01,84.8,84.8,9.33,,,,,0.56,
SKU_8,2026-08-01,-100.5,-3.96,1,3,343.75,0.0,0.0,,1.5,4,0.5,135.33,201.0,0.67,0.0,75.0,668.87,1138.01,1138.01,105.16,,0.06,0.05,,0.54,0.06
SKU_8,2026-09-01,2.0,0.82,2,1,7.67,0.0,0.0,,1.0,3,0.67,15.0,30.0,,,100.0,33.72,28.3,28.3,5.16,,,,,0.53,
SKU_8,2026-10-01,3.5,2.0,2,0,2.25,0.0,0.0,,0.5,2,1.0,3.0,,,,50.0,5.88,30.26,30.26,2.72,,97.82,47.75,,0.63,97.82
SKU_8,2026-11-01,30.0,1.0,1,0,0.0,0.0,0.0,,0.0,1,1.0,,,,,0.0,0.0,600.0,600.0,,,,,,2.0,
SKU_9,2025-01-01,6.67,10.67,7,3,60.21,0.0,0.08,65.0,5.0,7,0.67,14.55,25.7,0.82,0.22,91.67,69.67,118.08,118.08,8.57,0.46,0.25,0.16,195.3,0.09,0.25
SKU_9,2025-02-01,1.25,3.05,7,4,11.75,0.0,0.0,,5.27,8,0.75,7.0,13.5,0.71,0.5,91.67,25.36,30.81,30.81,3.62,0.44,4.08,2.0,65.9,0.1,4.08
SKU_9,2025-03-01,3.83,2.71,5,6,69.46,0.0,0.0,,5.09,10,0.67,26.91,48.3,0.71,0.29,91.67,113.81,154.25,154.25,15.32,0.59,0.31,0.1,1308.06,0.1,0.31
SKU_9,2025-04-01,-54.92,-9.14,7,5,323.63,0.0,0.0,,5.5,12,0.5,153.91,284.6,0.8,0.25,83.33,564.22,927.67,927.67,78.19,0.59,0.06,0.04,19617.33,0.1,0.06
SKU_9,2025-05-01,1.17,4.2,7,4,2.92,0.0,0.0,,5.27,8,0.83,3.0,4.0,0.89,0.11,100.0,13.94,11.95,11.95,2.21,0.46,3.57,2.54,8.88,0.1,3.57
SKU_9,2025-06-01,-24.58,-6.22,5,6,374.46,0.0,0.08,405.0,5.45,6,0.5,100.18,211.2,0.88,0.12,91.67,461.03,739.48,739.48,55.93,0.5,0.01,0.01,13014.44,0.16,0.01
SKU_9,2025-07-01,0.5,0.42,4,7,70.04,0.0,0.0,,5.27,8,0.67,21.64,37.2,0.8,0.38,91.67,106.3,149.87,149.87,13.74,0.47,0.28,0.1,437.26,0.13,0.28
SKU_9,2025-08-01,-32.58,-9.22,7,5,378.38,0.0,0.08,404.0,5.5,12,0.67,82.27,172.3,0.8,0.25,91.67,442.27,735.19,735.19,53.2,0.56,0.03,0.02,11452.92,0.12,0.03
SKU_9,2025-09-01,-23.92,-5.39,3,5,386.33,0.0,0.08,422.0,4.5,4,0.5,114.91,244.2,0.8,0.25,91.67,490.13,771.89,771.89,60.27,0.63,0.01,0.01,15390.52,0.09,0.01
SKU_9,2025-10-01,-38.67,-11.36,5,7,372.67,0.0,0.08,397.0,5.5,12,0.75,80.45,168.4,0.57,0.33,91.67,426.82,721.37,721.37,52.08,0.49,0.02,0.01,14357.97,0.14,0.02
SKU_9,2025-11-01,10.33,9.42,8,4,73.25,0.0,0.08,83.0,5.5,12,0.67,23.27,48.4,0.67,0.5,91.67,93.03,151.35,151.35,12.36,0.51,0.23,0.11,921.04,0.15,0.23
SKU_9,2025-12-01,7.92,8.09,7,5,65.29,0.0,0.0,,5.5,12,0.67,19.27,36.8,0.8,0.14,91.67,86.76,135.47,135.47,11.42,0.53,0.33,0.12,386.52,0.11,0.33
SKU_9,2026-01-01,4.27,3.89,6,5,62.09,0.0,0.0,,5.0,11,1.0,21.9,37.11,1.0,0.0,90.91,93.37,136.21,136.21,12.12,0.55,0.2,0.1,339.5,0.21,0.2
SKU_9,2026-02-01,-1.5,-3.33,4,6,3.85,0.0,0.0,,4.5,10,0.8,6.56,11.5,0.73,0.5,100.0,18.41,16.0,16.0,2.92,0.59,5.79,3.15,26.27,0.19,5.79
SKU_9,2026-03-01,-0.11,-0.11,4,5,22.17,0.0,0.0,,4.0,9,0.67,16.38,28.29,0.25,1.4,77.78,55.76,71.7,71.7,7.72,0.46,9.42,5.25,241.59,0.18,9.42
SKU_9,2026-04-01,-0.38,-0.59,3,5,7.56,0.0,0.0,,3.5,8,0.62,7.29,9.67,0.67,0.4,100.0,25.85,27.46,27.46,3.72,0.54,4.1,2.05,51.04,0.21,4.1
SKU_9,2026-05-01,-51.86,-6.6,3,2,344.64,0.0,0.0,,3.8,4,0.71,126.83,303.4,0.75,0.0,85.71,513.99,880.85,880.85,69.03,0.59,0.03,0.03,23404.95,0.3,0.03
SKU_9,2026-06-01,-3.0,-2.84,4,2,21.75,0.0,0.0,,2.5,6,0.5,7.6,10.5,0.67,0.33,83.33,40.93,63.77,63.77,5.59,0.62,7.49,2.87,130.8,0.2,7.49
SKU_9,2026-07-01,4.6,2.09,2,3,30.7,0.0,0.0,,2.0,5,0.6,21.5,52.33,0.5,0.5,80.0,66.37,96.3,96.3,9.33,,24.77,14.49,,0.35,24.77
SKU_9,2026-08-01,-6.75,-3.48,2,1,24.88,0.0,0.0,,1.67,2,0.75,10.67,16.5,0.67,0.0,75.0,50.38,81.58,81.58,7.73,,24.07,13.95,,0.24,24.07
SKU_9,2026-09-01,-10.67,-2.09,1,2,28.83,0.0,0.0,,1.0,3,0.67,26.5,53.0,,,100.0,76.84,102.87,102.87,12.5,,,,,0.53,
SKU_9,2026-10-01,-2.5,-2.0,0,2,2.25,0.0,0.0,,0.5,2,1.0,3.0,,,,50.0,5.88,20.26,20.26,1.88,,97.82,47.75,,0.63,97.82
SKU_9,2026-11-01,-8.0,-1.0,0,1,0.0,0.0,0.0,,0.0,1,1.0,,,,,0.0,0.0,160.0,160.0,,,,,,2.0,
