SKU,Actual_Month,Actual_Value,Prediction_Month,Prediction_Value,Prediction_Actual
SKU_1,2025-01-01,108,2025-02-01,107,112
SKU_1,2025-01-01,108,2025-03-01,103,103
SKU_1,2025-01-01,108,2025-04-01,86,103
SKU_1,2025-01-01,108,2025-05-01,106,111
SKU_1,2025-01-01,108,2025-06-01,106,107
SKU_1,2025-01-01,108,2025-07-01,94,101
SKU_1,2025-01-01,108,2025-08-01,114,105
SKU_1,2025-01-01,108,2025-09-01,63,100
SKU_1,2025-01-01,108,2025-10-01,98,100
SKU_1,2025-01-01,108,2025-11-01,104,103
SKU_1,2025-01-01,108,2025-12-01,99,92
SKU_1,2025-01-01,108,2026-01-01,86,93
SKU_1,2025-02-01,112,2025-03-01,109,103
SKU_1,2025-02-01,112,2025-04-01,103,103
SKU_1,2025-02-01,112,2025-05-01,107,111
SKU_1,2025-02-01,112,2025-06-01,109,21
SKU_1,2025-02-01,112,2025-07-01,102,101
SKU_1,2025-02-01,112,2025-08-01,102,105
SKU_1,2025-02-01,112,2025-09-01,101,100
SKU_1,2025-02-01,112,2025-10-01,98,100
SKU_1,2025-02-01,112,2025-11-01,104,103
SKU_1,2025-02-01,112,2025-12-01,95,92
SKU_1,2025-02-01,112,2026-01-01,101,93
SKU_1,2025-02-01,112,2026-02-01,92,98
SKU_1,2025-03-01,103,2025-04-01,83,103
SKU_1,2025-03-01,103,2025-05-01,102,111
SKU_1,2025-03-01,103,2025-06-01,106,107
SKU_1,2025-03-01,103,2025-07-01,104,101
SKU_1,2025-03-01,103,2025-08-01,107,105
SKU_1,2025-03-01,103,2025-09-01,97,100
SKU_1,2025-03-01,103,2025-10-01,99,100
SKU_1,2025-03-01,103,2025-11-01,71,103
SKU_1,2025-03-01,103,2025-12-01,89,92
SKU_1,2025-03-01,103,2026-01-01,97,93
SKU_1,2025-03-01,103,2026-02-01,100,98
SKU_1,2025-03-01,103,2026-03-01,92,96
SKU_1,2025-04-01,103,2025-05-01,116,111
SKU_1,2025-04-01,103,2025-06-01,79,536
SKU_1,2025-04-01,103,2025-07-01,105,101
SKU_1,2025-04-01,103,2025-08-01,109,105
SKU_1,2025-04-01,103,2025-09-01,96,100
SKU_1,2025-04-01,103,2025-10-01,97,100
SKU_1,2025-04-01,103,2025-11-01,107,103
SKU_1,2025-04-01,103,2025-12-01,95,460
SKU_1,2025-04-01,103,2026-01-01,93,93
SKU_1,2025-04-01,103,2026-02-01,69,98
SKU_1,2025-04-01,103,2026-03-01,102,96
SKU_1,2025-04-01,103,2026-04-01,129,102
SKU_1,2025-05-01,111,2025-06-01,110,107
SKU_1,2025-05-01,111,2025-07-01,100,101
SKU_1,2025-05-01,111,2025-08-01,104,105
SKU_1,2025-05-01,111,2025-09-01,106,100
SKU_1,2025-05-01,111,2025-10-01,104,100
SKU_1,2025-05-01,111,2025-11-01,107,103
SKU_1,2025-05-01,111,2025-12-01,99,92
SKU_1,2025-05-01,111,2026-01-01,93,93
SKU_1,2025-05-01,111,2026-02-01,102,98
SKU_1,2025-05-01,111,2026-03-01,124,96
SKU_1,2025-05-01,111,2026-04-01,104,102
SKU_1,2025-05-01,111,2026-05-01,95,96
SKU_1,2025-06-01,107,2025-07-01,101,101
SKU_1,2025-06-01,107,2025-08-01,108,105
SKU_1,2025-06-01,107,2025-09-01,126,100
SKU_1,2025-06-01,107,2025-10-01,110,100
SKU_1,2025-06-01,107,2025-11-01,98,516
SKU_1,2025-06-01,107,2025-12-01,86,92
SKU_1,2025-06-01,107,2026-01-01,99,93
SKU_1,2025-06-01,107,2026-02-01,102,98
SKU_1,2025-06-01,107,2026-03-01,99,96
SKU_1,2025-06-01,107,2026-04-01,105,102
SKU_1,2025-06-01,107,2026-05-01,96,96
SKU_1,2025-06-01,107,2026-06-01,88,93
SKU_1,2025-07-01,101,2025-08-01,106,105
SKU_1,2025-07-01,101,2025-09-01,97,100
SKU_1,2025-07-01,101,2025-10-01,105,100
SKU_1,2025-07-01,101,2025-11-01,72,103
SKU_1,2025-07-01,101,2025-12-01,88,92
SKU_1,2025-07-01,101,2026-01-01,91,93
SKU_1,2025-07-01,101,2026-02-01,100,98
SKU_1,2025-07-01,101,2026-03-01,93,96
SKU_1,2025-07-01,101,2026-04-01,98,102
SKU_1,2025-07-01,101,2026-05-01,97,96
SKU_1,2025-07-01,101,2026-06-01,94,93
SKU_1,2025-07-01,101,2026-07-01,105,535
SKU_1,2025-08-01,105,2025-09-01,98,100
SKU_1,2025-08-01,105,2025-10-01,101,100
SKU_1,2025-08-01,105,2025-11-01,126,103
SKU_1,2025-08-01,105,2025-12-01,85,92
SKU_1,2025-08-01,105,2026-01-01,89,93
SKU_1,2025-08-01,105,2026-02-01,97,98
SKU_1,2025-08-01,105,2026-03-01,97,96
SKU_1,2025-08-01,105,2026-04-01,109,102
SKU_1,2025-08-01,105,2026-05-01,100,96
SKU_1,2025-08-01,105,2026-06-01,92,93
SKU_1,2025-08-01,105,2026-07-01,107,107
SKU_1,2025-08-01,105,2026-08-01,93,98
SKU_1,2025-09-01,100,2025-10-01,100,100
SKU_1,2025-09-01,100,2025-11-01,102,103
SKU_1,2025-09-01,100,2025-12-01,124,92
SKU_1,2025-09-01,100,2026-01-01,89,93
SKU_1,2025-09-01,100,2026-02-01,101,98
SKU_1,2025-09-01,100,2026-03-01,103,479
SKU_1,2025-09-01,100,2026-04-01,102,102
SKU_1,2025-09-01,100,2026-05-01,68,96
SKU_1,2025-09-01,100,2026-06-01,96,93
SKU_1,2025-09-01,100,2026-07-01,105,107
SKU_1,2025-09-01,100,2026-08-01,69,98
SKU_1,2025-09-01,100,2026-09-01,70,99
SKU_1,2025-10-01,100,2025-11-01,129,103
SKU_1,2025-10-01,100,2025-12-01,113,92
SKU_1,2025-10-01,100,2026-01-01,118,93
SKU_1,2025-10-01,100,2026-02-01,126,98
SKU_1,2025-10-01,100,2026-03-01,128,96
SKU_1,2025-10-01,100,2026-04-01,132,102
SKU_1,2025-10-01,100,2026-05-01,131,96
SKU_1,2025-10-01,100,2026-06-01,114,93
SKU_1,2025-10-01,100,2026-07-01,136,107
SKU_1,2025-10-01,100,2026-08-01,124,98
SKU_1,2025-10-01,100,2026-09-01,135,99
SKU_1,2025-10-01,100,2026-10-01,113,92
SKU_1,2025-11-01,103,2025-12-01,113,92
SKU_1,2025-11-01,103,2026-01-01,115,93
SKU_1,2025-11-01,103,2026-02-01,113,98
SKU_1,2025-11-01,103,2026-03-01,88,96
SKU_1,2025-11-01,103,2026-04-01,123,102
SKU_1,2025-11-01,103,2026-05-01,121,96
SKU_1,2025-11-01,103,2026-06-01,120,93
SKU_1,2025-11-01,103,2026-07-01,141,107
SKU_1,2025-11-01,103,2026-08-01,128,98
SKU_1,2025-11-01,103,2026-09-01,122,99
SKU_1,2025-11-01,103,2026-10-01,82,92
SKU_1,2025-11-01,103,2026-11-01,123,479
SKU_1,2025-12-01,92,2026-01-01,111,464
SKU_1,2025-12-01,92,2026-02-01,132,98
SKU_1,2025-12-01,92,2026-03-01,127,96
SKU_1,2025-12-01,92,2026-04-01,125,102
SKU_1,2025-12-01,92,2026-05-01,112,96
SKU_1,2025-12-01,92,2026-06-01,125,93
SKU_1,2025-12-01,92,2026-07-01,101,107
SKU_1,2025-12-01,92,2026-08-01,129,98
SKU_1,2025-12-01,92,2026-09-01,117,99
SKU_1,2025-12-01,92,2026-10-01,114,92
SKU_1,2025-12-01,92,2026-11-01,121,96
SKU_1,2025-12-01,92,2026-12-01,124,99
SKU_1,2026-01-01,93,2026-02-01,121,98
SKU_1,2026-01-01,93,2026-03-01,124,96
SKU_1,2026-01-01,93,2026-04-01,92,102
SKU_1,2026-01-01,93,2026-05-01,90,96
SKU_1,2026-01-01,93,2026-06-01,119,93
SKU_1,2026-01-01,93,2026-07-01,135,107
SKU_1,2026-01-01,93,2026-08-01,127,98
SKU_1,2026-01-01,93,2026-09-01,119,99
SKU_1,2026-01-01,93,2026-10-01,109,92
SKU_1,2026-01-01,93,2026-11-01,127,96
SKU_1,2026-01-01,93,2026-12-01,126,99
SKU_1,2026-02-01,98,2026-03-01,117,96
SKU_1,2026-02-01,98,2026-04-01,135,102
SKU_1,2026-02-01,98,2026-05-01,121,479
SKU_1,2026-02-01,98,2026-06-01,124,93
SKU_1,2026-02-01,98,2026-07-01,132,107
SKU_1,2026-02-01,98,2026-08-01,134,98
SKU_1,2026-02-01,98,2026-09-01,133,99
SKU_1,2026-02-01,98,2026-10-01,116,92
SKU_1,2026-02-01,98,2026-11-01,126,96
SKU_1,2026-02-01,98,2026-12-01,127,99
SKU_1,2026-03-01,96,2026-04-01,109,102
SKU_1,2026-03-01,96,2026-05-01,91,96
SKU_1,2026-03-01,96,2026-06-01,96,93
SKU_1,2026-03-01,96,2026-07-01,112,107
SKU_1,2026-03-01,96,2026-08-01,90,98
SKU_1,2026-03-01,96,2026-09-01,94,99
SKU_1,2026-03-01,96,2026-10-01,82,92
SKU_1,2026-03-01,96,2026-11-01,95,479
SKU_1,2026-03-01,96,2026-12-01,102,99
SKU_1,2026-04-01,102,2026-05-01,103,96
SKU_1,2026-04-01,102,2026-06-01,93,93
SKU_1,2026-04-01,102,2026-07-01,115,107
SKU_1,2026-04-01,102,2026-08-01,61,20
SKU_1,2026-04-01,102,2026-09-01,91,99
SKU_1,2026-04-01,102,2026-10-01,91,92
SKU_1,2026-04-01,102,2026-11-01,98,96
SKU_1,2026-04-01,102,2026-12-01,99,99
SKU_1,2026-05-01,96,2026-06-01,83,93
SKU_1,2026-05-01,96,2026-07-01,107,107
SKU_1,2026-05-01,96,2026-08-01,92,98
SKU_1,2026-05-01,96,2026-09-01,103,99
SKU_1,2026-05-01,96,2026-10-01,94,92
SKU_1,2026-05-01,96,2026-11-01,91,96
SKU_1,2026-05-01,96,2026-12-01,96,99
SKU_1,2026-06-01,93,2026-07-01,102,107
SKU_1,2026-06-01,93,2026-08-01,98,98
SKU_1,2026-06-01,93,2026-09-01,104,99
SKU_1,2026-06-01,93,2026-10-01,57,92
SKU_1,2026-06-01,93,2026-11-01,128,96
SKU_1,2026-06-01,93,2026-12-01,126,99
SKU_1,2026-07-01,107,2026-08-01,94,98
SKU_1,2026-07-01,107,2026-09-01,99,99
SKU_1,2026-07-01,107,2026-10-01,87,92
SKU_1,2026-07-01,107,2026-11-01,93,96
SKU_1,2026-07-01,107,2026-12-01,93,494
SKU_1,2026-08-01,98,2026-09-01,109,99
SKU_1,2026-08-01,98,2026-10-01,92,92
SKU_1,2026-08-01,98,2026-11-01,92,96
SKU_1,2026-08-01,98,2026-12-01,100,99
SKU_1,2026-09-01,99,2026-10-01,91,92
SKU_1,2026-09-01,99,2026-11-01,65,96
SKU_1,2026-09-01,99,2026-12-01,102,99
SKU_1,2026-10-01,92,2026-11-01,100,479
SKU_1,2026-10-01,92,2026-12-01,96,99
SKU_1,2026-11-01,96,2026-12-01,96,99
SKU_2,2025-01-01,86,2025-02-01,111,112
SKU_2,2025-01-01,86,2025-03-01,91,103
SKU_2,2025-01-01,86,2025-04-01,95,103
SKU_2,2025-01-01,86,2025-05-01,88,111
SKU_2,2025-01-01,86,2025-06-01,115,107
SKU_2,2025-01-01,86,2025-07-01,99,20
SKU_2,2025-01-01,86,2025-08-01,108,105
SKU_2,2025-01-01,86,2025-09-01,102,501
SKU_2,2025-01-01,86,2025-10-01,115,100
SKU_2,2025-01-01,86,2025-11-01,109,103
SKU_2,2025-01-01,86,2025-12-01,91,92
SKU_2,2025-01-01,86,2026-01-01,88,93
SKU_2,2025-02-01,89,2025-03-01,65,103
SKU_2,2025-02-01,89,2025-04-01,104,103
SKU_2,2025-02-01,89,2025-05-01,108,111
SKU_2,2025-02-01,89,2025-06-01,100,107
SKU_2,2025-02-01,89,2025-07-01,97,101
SKU_2,2025-02-01,89,2025-08-01,100,105
SKU_2,2025-02-01,89,2025-09-01,109,100
SKU_2,2025-02-01,89,2025-10-01,104,100
SKU_2,2025-02-01,89,2025-11-01,103,103
SKU_2,2025-02-01,89,2025-12-01,99,92
SKU_2,2025-02-01,89,2026-01-01,93,93
SKU_2,2025-02-01,89,2026-02-01,94,98
SKU_2,2025-03-01,88,2025-04-01,110,103
SKU_2,2025-03-01,88,2025-05-01,114,111
SKU_2,2025-03-01,88,2025-06-01,102,107
SKU_2,2025-03-01,88,2025-07-01,100,101
SKU_2,2025-03-01,88,2025-08-01,101,105
SKU_2,2025-03-01,88,2025-09-01,93,100
SKU_2,2025-03-01,88,2025-10-01,105,100
SKU_2,2025-03-01,88,2025-11-01,113,103
SKU_2,2025-03-01,88,2025-12-01,85,460
SKU_2,2025-03-01,88,2026-01-01,96,93
SKU_2,2025-03-01,88,2026-02-01,95,98
SKU_2,2025-03-01,88,2026-03-01,93,96
SKU_2,2025-04-01,101,2025-05-01,109,111
SKU_2,2025-04-01,101,2025-06-01,103,107
SKU_2,2025-04-01,101,2025-07-01,101,101
SKU_2,2025-04-01,101,2025-08-01,101,21
SKU_2,2025-04-01,101,2025-09-01,102,100
SKU_2,2025-04-01,101,2025-10-01,100,100
SKU_2,2025-04-01,101,2025-11-01,102,103
SKU_2,2025-04-01,101,2025-12-01,88,92
SKU_2,2025-04-01,101,2026-01-01,90,93
SKU_2,2025-04-01,101,2026-02-01,102,98
SKU_2,2025-04-01,101,2026-03-01,98,96
SKU_2,2025-04-01,101,2026-04-01,67,102
SKU_2,2025-05-01,92,2025-06-01,108,107
SKU_2,2025-05-01,92,2025-07-01,104,101
SKU_2,2025-05-01,92,2025-08-01,97,105
SKU_2,2025-05-01,92,2025-09-01,103,100
SKU_2,2025-05-01,92,2025-10-01,97,499
SKU_2,2025-05-01,92,2025-11-01,76,103
SKU_2,2025-05-01,92,2025-12-01,88,92
SKU_2,2025-05-01,92,2026-01-01,84,93
SKU_2,2025-05-01,92,2026-02-01,90,20
SKU_2,2025-05-01,92,2026-03-01,96,96
SKU_2,2025-05-01,92,2026-04-01,103,102
SKU_2,2025-05-01,92,2026-05-01,91,96
SKU_2,2025-06-01,88,2025-07-01,104,20
SKU_2,2025-06-01,88,2025-08-01,97,105
SKU_2,2025-06-01,88,2025-09-01,70,100
SKU_2,2025-06-01,88,2025-10-01,94,100
SKU_2,2025-06-01,88,2025-11-01,100,103
SKU_2,2025-06-01,88,2025-12-01,92,92
SKU_2,2025-06-01,88,2026-01-01,88,93
SKU_2,2025-06-01,88,2026-02-01,96,98
SKU_2,2025-06-01,88,2026-03-01,101,96
SKU_2,2025-06-01,88,2026-04-01,99,102
SKU_2,2025-06-01,88,2026-05-01,100,96
SKU_2,2025-06-01,88,2026-06-01,87,93
SKU_2,2025-07-01,98,2025-08-01,108,105
SKU_2,2025-07-01,98,2025-09-01,107,100
SKU_2,2025-07-01,98,2025-10-01,88,100
SKU_2,2025-07-01,98,2025-11-01,99,103
SKU_2,2025-07-01,98,2025-12-01,95,92
SKU_2,2025-07-01,98,2026-01-01,92,93
SKU_2,2025-07-01,98,2026-02-01,130,491
SKU_2,2025-07-01,98,2026-03-01,93,96
SKU_2,2025-07-01,98,2026-04-01,103,102
SKU_2,2025-07-01,98,2026-05-01,95,96
SKU_2,2025-07-01,98,2026-06-01,99,465
SKU_2,2025-07-01,98,2026-07-01,108,107
SKU_2,2025-08-01,88,2025-09-01,102,100
SKU_2,2025-08-01,88,2025-10-01,98,100
SKU_2,2025-08-01,88,2025-11-01,101,103
SKU_2,2025-08-01,88,2025-12-01,90,92
SKU_2,2025-08-01,88,2026-01-01,95,93
SKU_2,2025-08-01,88,2026-02-01,96,98
SKU_2,2025-08-01,88,2026-03-01,97,96
SKU_2,2025-08-01,88,2026-04-01,112,102
SKU_2,2025-08-01,88,2026-05-01,100,96
SKU_2,2025-08-01,88,2026-06-01,91,465
SKU_2,2025-08-01,88,2026-07-01,113,107
SKU_2,2025-08-01,88,2026-08-01,96,98
SKU_2,2025-09-01,96,2025-10-01,90,100
SKU_2,2025-09-01,96,2025-11-01,98,103
SKU_2,2025-09-01,96,2025-12-01,83,92
SKU_2,2025-09-01,96,2026-01-01,61,93
SKU_2,2025-09-01,96,2026-02-01,98,98
SKU_2,2025-09-01,96,2026-03-01,104,96
SKU_2,2025-09-01,96,2026-04-01,104,102
SKU_2,2025-09-01,96,2026-05-01,95,96
SKU_2,2025-09-01,96,2026-06-01,97,93
SKU_2,2025-09-01,96,2026-07-01,96,107
SKU_2,2025-09-01,96,2026-08-01,99,98
SKU_2,2025-09-01,96,2026-09-01,103,99
SKU_2,2025-10-01,86,2025-11-01,121,103
SKU_2,2025-10-01,86,2025-12-01,123,92
SKU_2,2025-10-01,86,2026-01-01,119,93
SKU_2,2025-10-01,86,2026-02-01,121,98
SKU_2,2025-10-01,86,2026-03-01,124,96
SKU_2,2025-10-01,86,2026-04-01,138,20
SKU_2,2025-10-01,86,2026-05-01,122,96
SKU_2,2025-10-01,86,2026-06-01,119,93
SKU_2,2025-10-01,86,2026-07-01,130,107
SKU_2,2025-10-01,86,2026-08-01,89,98
SKU_2,2025-10-01,86,2026-09-01,129,99
SKU_2,2025-10-01,86,2026-10-01,112,92
SKU_2,2025-11-01,90,2025-12-01,117,92
SKU_2,2025-11-01,90,2026-01-01,115,93
SKU_2,2025-11-01,90,2026-02-01,126,20
SKU_2,2025-11-01,90,2026-03-01,122,19
SKU_2,2025-11-01,90,2026-04-01,162,102
SKU_2,2025-11-01,90,2026-05-01,118,96
SKU_2,2025-11-01,90,2026-06-01,117,93
SKU_2,2025-11-01,90,2026-07-01,127,107
SKU_2,2025-11-01,90,2026-08-01,121,98
SKU_2,2025-11-01,90,2026-09-01,126,99
SKU_2,2025-11-01,90,2026-10-01,121,92
SKU_2,2025-11-01,90,2026-11-01,116,96
SKU_2,2025-12-01,98,2026-01-01,152,93
SKU_2,2025-12-01,98,2026-02-01,130,98
SKU_2,2025-12-01,98,2026-03-01,123,96
SKU_2,2025-12-01,98,2026-04-01,136,102
SKU_2,2025-12-01,98,2026-05-01,87,96
SKU_2,2025-12-01,98,2026-06-01,112,465
SKU_2,2025-12-01,98,2026-07-01,123,107
SKU_2,2025-12-01,98,2026-08-01,131,98
SKU_2,2025-12-01,98,2026-09-01,128,99
SKU_2,2025-12-01,98,2026-10-01,116,92
SKU_2,2025-12-01,98,2026-11-01,152,19
SKU_2,2025-12-01,98,2026-12-01,118,99
SKU_2,2026-01-01,102,2026-02-01,136,98
SKU_2,2026-01-01,102,2026-03-01,121,96
SKU_2,2026-01-01,102,2026-04-01,128,102
SKU_2,2026-01-01,102,2026-05-01,124,96
SKU_2,2026-01-01,102,2026-06-01,120,93
SKU_2,2026-01-01,102,2026-07-01,133,535
SKU_2,2026-01-01,102,2026-08-01,119,98
SKU_2,2026-01-01,102,2026-09-01,127,99
SKU_2,2026-01-01,102,2026-10-01,126,459
SKU_2,2026-01-01,102,2026-11-01,128,96
SKU_2,2026-01-01,102,2026-12-01,132,99
SKU_2,2026-02-01,100,2026-03-01,118,96
SKU_2,2026-02-01,100,2026-04-01,122,102
SKU_2,2026-02-01,100,2026-05-01,120,96
SKU_2,2026-02-01,100,2026-06-01,118,93
SKU_2,2026-02-01,100,2026-07-01,138,21
SKU_2,2026-02-01,100,2026-08-01,115,98
SKU_2,2026-02-01,100,2026-09-01,132,99
SKU_2,2026-02-01,100,2026-10-01,116,92
SKU_2,2026-02-01,100,2026-11-01,119,96
SKU_2,2026-02-01,100,2026-12-01,119,99
SKU_2,2026-03-01,99,2026-04-01,64,102
SKU_2,2026-03-01,99,2026-05-01,100,96
SKU_2,2026-03-01,99,2026-06-01,63,93
SKU_2,2026-03-01,99,2026-07-01,101,107
SKU_2,2026-03-01,99,2026-08-01,92,98
SKU_2,2026-03-01,99,2026-09-01,98,99
SKU_2,2026-03-01,99,2026-10-01,100,92
SKU_2,2026-03-01,99,2026-11-01,95,479
SKU_2,2026-03-01,99,2026-12-01,91,99
SKU_2,2026-04-01,99,2026-05-01,124,96
SKU_2,2026-04-01,99,2026-06-01,92,93
SKU_2,2026-04-01,99,2026-07-01,94,107
SKU_2,2026-04-01,99,2026-08-01,98,98
SKU_2,2026-04-01,99,2026-09-01,98,99
SKU_2,2026-04-01,99,2026-10-01,95,92
SKU_2,2026-04-01,99,2026-11-01,105,96
SKU_2,2026-04-01,99,2026-12-01,105,99
SKU_2,2026-05-01,94,2026-06-01,92,93
SKU_2,2026-05-01,94,2026-07-01,102,107
SKU_2,2026-05-01,94,2026-08-01,141,98
SKU_2,2026-05-01,94,2026-09-01,100,99
SKU_2,2026-05-01,94,2026-10-01,92,18
SKU_2,2026-05-01,94,2026-11-01,96,96
SKU_2,2026-05-01,94,2026-12-01,100,99
SKU_2,2026-06-01,98,2026-07-01,106,107
SKU_2,2026-06-01,98,2026-08-01,95,98
SKU_2,2026-06-01,98,2026-09-01,97,99
SKU_2,2026-06-01,98,2026-10-01,92,92
SKU_2,2026-06-01,98,2026-11-01,63,96
SKU_2,2026-06-01,98,2026-12-01,95,99
SKU_2,2026-07-01,100,2026-08-01,99,98
SKU_2,2026-07-01,100,2026-09-01,98,497
SKU_2,2026-07-01,100,2026-10-01,99,92
SKU_2,2026-07-01,100,2026-11-01,83,96
SKU_2,2026-07-01,100,2026-12-01,104,99
SKU_2,2026-08-01,109,2026-09-01,106,99
SKU_2,2026-08-01,109,2026-10-01,81,92
SKU_2,2026-08-01,109,2026-11-01,94,96
SKU_2,2026-08-01,109,2026-12-01,97,20
SKU_2,2026-09-01,106,2026-10-01,85,18
SKU_2,2026-09-01,106,2026-11-01,92,96
SKU_2,2026-09-01,106,2026-12-01,93,494
SKU_2,2026-10-01,96,2026-11-01,105,96
SKU_2,2026-10-01,96,2026-12-01,104,99
SKU_2,2026-11-01,107,2026-12-01,105,99
SKU_3,2025-01-01,100,2025-02-01,116,112
SKU_3,2025-01-01,100,2025-03-01,97,103
SKU_3,2025-01-01,100,2025-04-01,100,103
SKU_3,2025-01-01,100,2025-05-01,114,111
SKU_3,2025-01-01,100,2025-06-01,101,107
SKU_3,2025-01-01,100,2025-07-01,104,101
SKU_3,2025-01-01,100,2025-08-01,104,105
SKU_3,2025-01-01,100,2025-09-01,98,501
SKU_3,2025-01-01,100,2025-10-01,103,100
SKU_3,2025-01-01,100,2025-11-01,105,103
SKU_3,2025-01-01,100,2025-12-01,90,92
SKU_3,2025-01-01,100,2026-01-01,99,93
SKU_3,2025-02-01,100,2025-03-01,98,103
SKU_3,2025-02-01,100,2025-04-01,106,103
SKU_3,2025-02-01,100,2025-05-01,114,111
SKU_3,2025-02-01,100,2025-06-01,106,107
SKU_3,2025-02-01,100,2025-07-01,72,101
SKU_3,2025-02-01,100,2025-08-01,99,105
SKU_3,2025-02-01,100,2025-09-01,105,100
SKU_3,2025-02-01,100,2025-10-01,99,100
SKU_3,2025-02-01,100,2025-11-01,101,103
SKU_3,2025-02-01,100,2025-12-01,97,92
SKU_3,2025-02-01,100,2026-01-01,89,93
SKU_3,2025-02-01,100,2026-02-01,91,98
SKU_3,2025-03-01,93,2025-04-01,95,103
SKU_3,2025-03-01,93,2025-05-01,85,111
SKU_3,2025-03-01,93,2025-06-01,101,107
SKU_3,2025-03-01,93,2025-07-01,109,101
SKU_3,2025-03-01,93,2025-08-01,95,105
SKU_3,2025-03-01,93,2025-09-01,109,100
SKU_3,2025-03-01,93,2025-10-01,101,100
SKU_3,2025-03-01,93,2025-11-01,103,103
SKU_3,2025-03-01,93,2025-12-01,89,92
SKU_3,2025-03-01,93,2026-01-01,95,93
SKU_3,2025-03-01,93,2026-02-01,98,98
SKU_3,2025-03-01,93,2026-03-01,101,96
SKU_3,2025-04-01,97,2025-05-01,112,111
SKU_3,2025-04-01,97,2025-06-01,108,107
SKU_3,2025-04-01,97,2025-07-01,129,101
SKU_3,2025-04-01,97,2025-08-01,135,105
SKU_3,2025-04-01,97,2025-09-01,102,100
SKU_3,2025-04-01,97,2025-10-01,61,100
SKU_3,2025-04-01,97,2025-11-01,126,103
SKU_3,2025-04-01,97,2025-12-01,96,92
SKU_3,2025-04-01,97,2026-01-01,94,93
SKU_3,2025-04-01,97,2026-02-01,97,98
SKU_3,2025-04-01,97,2026-03-01,96,19
SKU_3,2025-04-01,97,2026-04-01,134,102
SKU_3,2025-05-01,101,2025-06-01,74,107
SKU_3,2025-05-01,101,2025-07-01,97,101
SKU_3,2025-05-01,101,2025-08-01,106,105
SKU_3,2025-05-01,101,2025-09-01,95,100
SKU_3,2025-05-01,101,2025-10-01,102,100
SKU_3,2025-05-01,101,2025-11-01,95,103
SKU_3,2025-05-01,101,2025-12-01,97,92
SKU_3,2025-05-01,101,2026-01-01,95,93
SKU_3,2025-05-01,101,2026-02-01,100,98
SKU_3,2025-05-01,101,2026-03-01,101,96
SKU_3,2025-05-01,101,2026-04-01,110,102
SKU_3,2025-05-01,101,2026-05-01,101,96
SKU_3,2025-06-01,105,2025-07-01,91,101
SKU_3,2025-06-01,105,2025-08-01,99,105
SKU_3,2025-06-01,105,2025-09-01,97,100
SKU_3,2025-06-01,105,2025-10-01,100,100
SKU_3,2025-06-01,105,2025-11-01,106,103
SKU_3,2025-06-01,105,2025-12-01,88,92
SKU_3,2025-06-01,105,2026-01-01,124,93
SKU_3,2025-06-01,105,2026-02-01,95,98
SKU_3,2025-06-01,105,2026-03-01,93,96
SKU_3,2025-06-01,105,2026-04-01,95,102
SKU_3,2025-06-01,105,2026-05-01,91,96
SKU_3,2025-06-01,105,2026-06-01,86,93
SKU_3,2025-07-01,99,2025-08-01,101,105
SKU_3,2025-07-01,99,2025-09-01,105,100
SKU_3,2025-07-01,99,2025-10-01,95,100
SKU_3,2025-07-01,99,2025-11-01,116,103
SKU_3,2025-07-01,99,2025-12-01,95,92
SKU_3,2025-07-01,99,2026-01-01,94,93
SKU_3,2025-07-01,99,2026-02-01,94,98
SKU_3,2025-07-01,99,2026-03-01,99,96
SKU_3,2025-07-01,99,2026-04-01,99,102
SKU_3,2025-07-01,99,2026-05-01,96,96
SKU_3,2025-07-01,99,2026-06-01,106,93
SKU_3,2025-07-01,99,2026-07-01,107,107
SKU_3,2025-08-01,102,2025-09-01,106,100
SKU_3,2025-08-01,102,2025-10-01,96,100
SKU_3,2025-08-01,102,2025-11-01,103,21
SKU_3,2025-08-01,102,2025-12-01,101,92
SKU_3,2025-08-01,102,2026-01-01,90,93
SKU_3,2025-08-01,102,2026-02-01,107,98
SKU_3,2025-08-01,102,2026-03-01,99,19
SKU_3,2025-08-01,102,2026-04-01,99,102
SKU_3,2025-08-01,102,2026-05-01,99,96
SKU_3,2025-08-01,102,2026-06-01,98,465
SKU_3,2025-08-01,102,2026-07-01,110,21
SKU_3,2025-08-01,102,2026-08-01,90,98
SKU_3,2025-09-01,99,2025-10-01,96,100
SKU_3,2025-09-01,99,2025-11-01,102,103
SKU_3,2025-09-01,99,2025-12-01,92,92
SKU_3,2025-09-01,99,2026-01-01,96,93
SKU_3,2025-09-01,99,2026-02-01,99,98
SKU_3,2025-09-01,99,2026-03-01,89,96
SKU_3,2025-09-01,99,2026-04-01,104,102
SKU_3,2025-09-01,99,2026-05-01,99,96
SKU_3,2025-09-01,99,2026-06-01,96,19
SKU_3,2025-09-01,99,2026-07-01,112,107
SKU_3,2025-09-01,99,2026-08-01,102,98
SKU_3,2025-09-01,99,2026-09-01,102,99
SKU_3,2025-10-01,99,2025-11-01,103,516
SKU_3,2025-10-01,99,2025-12-01,54,92
SKU_3,2025-10-01,99,2026-01-01,95,93
SKU_3,2025-10-01,99,2026-02-01,99,98
SKU_3,2025-10-01,99,2026-03-01,97,19
SKU_3,2025-10-01,99,2026-04-01,96,102
SKU_3,2025-10-01,99,2026-05-01,90,96
SKU_3,2025-10-01,99,2026-06-01,68,93
SKU_3,2025-10-01,99,2026-07-01,137,107
SKU_3,2025-10-01,99,2026-08-01,102,98
SKU_3,2025-10-01,99,2026-09-01,100,497
SKU_3,2025-10-01,99,2026-10-01,92,92
SKU_3,2025-11-01,111,2025-12-01,97,92
SKU_3,2025-11-01,111,2026-01-01,90,93
SKU_3,2025-11-01,111,2026-02-01,99,98
SKU_3,2025-11-01,111,2026-03-01,93,96
SKU_3,2025-11-01,111,2026-04-01,100,102
SKU_3,2025-11-01,111,2026-05-01,94,96
SKU_3,2025-11-01,111,2026-06-01,94,93
SKU_3,2025-11-01,111,2026-07-01,105,107
SKU_3,2025-11-01,111,2026-08-01,105,98
SKU_3,2025-11-01,111,2026-09-01,95,99
SKU_3,2025-11-01,111,2026-10-01,91,92
SKU_3,2025-11-01,111,2026-11-01,94,96
SKU_3,2025-12-01,115,2026-01-01,100,93
SKU_3,2025-12-01,115,2026-02-01,69,98
SKU_3,2025-12-01,115,2026-03-01,71,19
SKU_3,2025-12-01,115,2026-04-01,95,102
SKU_3,2025-12-01,115,2026-05-01,97,96
SKU_3,2025-12-01,115,2026-06-01,97,19
SKU_3,2025-12-01,115,2026-07-01,107,107
SKU_3,2025-12-01,115,2026-08-01,104,492
SKU_3,2025-12-01,115,2026-09-01,97,99
SKU_3,2025-12-01,115,2026-10-01,99,92
SKU_3,2025-12-01,115,2026-11-01,107,96
SKU_3,2025-12-01,115,2026-12-01,97,99
SKU_3,2026-01-01,109,2026-02-01,96,98
SKU_3,2026-01-01,109,2026-03-01,103,96
SKU_3,2026-01-01,109,2026-04-01,110,20
SKU_3,2026-01-01,109,2026-05-01,93,96
SKU_3,2026-01-01,109,2026-06-01,91,93
SKU_3,2026-01-01,109,2026-07-01,106,107
SKU_3,2026-01-01,109,2026-08-01,92,98
SKU_3,2026-01-01,109,2026-09-01,95,99
SKU_3,2026-01-01,109,2026-10-01,87,92
SKU_3,2026-01-01,109,2026-11-01,92,479
SKU_3,2026-01-01,109,2026-12-01,99,99
SKU_3,2026-02-01,115,2026-03-01,97,96
SKU_3,2026-02-01,115,2026-04-01,110,102
SKU_3,2026-02-01,115,2026-05-01,91,96
SKU_3,2026-02-01,115,2026-06-01,98,93
SKU_3,2026-02-01,115,2026-07-01,106,107
SKU_3,2026-02-01,115,2026-08-01,98,98
SKU_3,2026-02-01,115,2026-09-01,133,99
SKU_3,2026-02-01,115,2026-10-01,86,92
SKU_3,2026-02-01,115,2026-11-01,98,96
SKU_3,2026-02-01,115,2026-12-01,100,99
SKU_3,2026-03-01,113,2026-04-01,105,102
SKU_3,2026-03-01,113,2026-05-01,97,96
SKU_3,2026-03-01,113,2026-06-01,105,93
SKU_3,2026-03-01,113,2026-07-01,104,107
SKU_3,2026-03-01,113,2026-08-01,66,98
SKU_3,2026-03-01,113,2026-09-01,96,497
SKU_3,2026-03-01,113,2026-10-01,89,92
SKU_3,2026-03-01,113,2026-11-01,93,96
SKU_3,2026-03-01,113,2026-12-01,105,99
SKU_3,2026-04-01,110,2026-05-01,103,96
SKU_3,2026-04-01,110,2026-06-01,60,93
SKU_3,2026-04-01,110,2026-07-01,103,107
SKU_3,2026-04-01,110,2026-08-01,101,98
SKU_3,2026-04-01,110,2026-09-01,97,99
SKU_3,2026-04-01,110,2026-10-01,95,92
SKU_3,2026-04-01,110,2026-11-01,97,96
SKU_3,2026-04-01,110,2026-12-01,91,99
SKU_3,2026-05-01,116,2026-06-01,101,93
SKU_3,2026-05-01,116,2026-07-01,116,107
SKU_3,2026-05-01,116,2026-08-01,95,98
SKU_3,2026-05-01,116,2026-09-01,98,99
SKU_3,2026-05-01,116,2026-10-01,93,92
SKU_3,2026-05-01,116,2026-11-01,98,96
SKU_3,2026-05-01,116,2026-12-01,102,99
SKU_3,2026-06-01,123,2026-07-01,117,107
SKU_3,2026-06-01,123,2026-08-01,97,98
SKU_3,2026-06-01,123,2026-09-01,96,99
SKU_3,2026-06-01,123,2026-10-01,85,18
SKU_3,2026-06-01,123,2026-11-01,122,96
SKU_3,2026-06-01,123,2026-12-01,99,99
SKU_3,2026-07-01,116,2026-08-01,107,98
SKU_3,2026-07-01,116,2026-09-01,97,99
SKU_3,2026-07-01,116,2026-10-01,93,459
SKU_3,2026-07-01,116,2026-11-01,96,96
SKU_3,2026-07-01,116,2026-12-01,105,99
SKU_3,2026-08-01,126,2026-09-01,112,99
SKU_3,2026-08-01,126,2026-10-01,89,92
SKU_3,2026-08-01,126,2026-11-01,93,96
SKU_3,2026-08-01,126,2026-12-01,104,20
SKU_3,2026-09-01,106,2026-10-01,65,92
SKU_3,2026-09-01,106,2026-11-01,105,96
SKU_3,2026-09-01,106,2026-12-01,72,99
SKU_3,2026-10-01,124,2026-11-01,94,96
SKU_3,2026-10-01,124,2026-12-01,72,99
SKU_3,2026-11-01,122,2026-12-01,104,99
SKU_4,2025-01-01,96,2025-02-01,86,112
SKU_4,2025-01-01,96,2025-03-01,106,103
SKU_4,2025-01-01,96,2025-04-01,108,103
SKU_4,2025-01-01,96,2025-05-01,117,111
SKU_4,2025-01-01,96,2025-06-01,114,107
SKU_4,2025-01-01,96,2025-07-01,104,101
SKU_4,2025-01-01,96,2025-08-01,105,105
SKU_4,2025-01-01,96,2025-09-01,131,100
SKU_4,2025-01-01,96,2025-10-01,106,100
SKU_4,2025-01-01,96,2025-11-01,99,103
SKU_4,2025-01-01,96,2025-12-01,94,92
SKU_4,2025-01-01,96,2026-01-01,91,93
SKU_4,2025-02-01,95,2025-03-01,103,103
SKU_4,2025-02-01,95,2025-04-01,109,103
SKU_4,2025-02-01,95,2025-05-01,112,111
SKU_4,2025-02-01,95,2025-06-01,107,107
SKU_4,2025-02-01,95,2025-07-01,94,101
SKU_4,2025-02-01,95,2025-08-01,109,105
SKU_4,2025-02-01,95,2025-09-01,103,100
SKU_4,2025-02-01,95,2025-10-01,141,100
SKU_4,2025-02-01,95,2025-11-01,102,103
SKU_4,2025-02-01,95,2025-12-01,93,92
SKU_4,2025-02-01,95,2026-01-01,124,93
SKU_4,2025-02-01,95,2026-02-01,106,98
SKU_4,2025-03-01,96,2025-04-01,102,103
SKU_4,2025-03-01,96,2025-05-01,113,111
SKU_4,2025-03-01,96,2025-06-01,110,107
SKU_4,2025-03-01,96,2025-07-01,102,101
SKU_4,2025-03-01,96,2025-08-01,133,105
SKU_4,2025-03-01,96,2025-09-01,101,100
SKU_4,2025-03-01,96,2025-10-01,105,100
SKU_4,2025-03-01,96,2025-11-01,98,103
SKU_4,2025-03-01,96,2025-12-01,93,92
SKU_4,2025-03-01,96,2026-01-01,89,93
SKU_4,2025-03-01,96,2026-02-01,104,98
SKU_4,2025-03-01,96,2026-03-01,88,96
SKU_4,2025-04-01,82,2025-05-01,139,111
SKU_4,2025-04-01,82,2025-06-01,109,107
SKU_4,2025-04-01,82,2025-07-01,109,101
SKU_4,2025-04-01,82,2025-08-01,105,105
SKU_4,2025-04-01,82,2025-09-01,97,100
SKU_4,2025-04-01,82,2025-10-01,109,100
SKU_4,2025-04-01,82,2025-11-01,96,103
SKU_4,2025-04-01,82,2025-12-01,81,92
SKU_4,2025-04-01,82,2026-01-01,95,93
SKU_4,2025-04-01,82,2026-02-01,96,98
SKU_4,2025-04-01,82,2026-03-01,91,96
SKU_4,2025-04-01,82,2026-04-01,106,102
SKU_4,2025-05-01,77,2025-06-01,108,107
SKU_4,2025-05-01,77,2025-07-01,98,101
SKU_4,2025-05-01,77,2025-08-01,99,105
SKU_4,2025-05-01,77,2025-09-01,105,100
SKU_4,2025-05-01,77,2025-10-01,103,100
SKU_4,2025-05-01,77,2025-11-01,103,103
SKU_4,2025-05-01,77,2025-12-01,101,92
SKU_4,2025-05-01,77,2026-01-01,117,464
SKU_4,2025-05-01,77,2026-02-01,91,98
SKU_4,2025-05-01,77,2026-03-01,92,96
SKU_4,2025-05-01,77,2026-04-01,102,102
SKU_4,2025-05-01,77,2026-05-01,97,96
SKU_4,2025-06-01,75,2025-07-01,99,101
SKU_4,2025-06-01,75,2025-08-01,107,105
SKU_4,2025-06-01,75,2025-09-01,94,100
SKU_4,2025-06-01,75,2025-10-01,107,100
SKU_4,2025-06-01,75,2025-11-01,73,103
SKU_4,2025-06-01,75,2025-12-01,98,92
SKU_4,2025-06-01,75,2026-01-01,94,93
SKU_4,2025-06-01,75,2026-02-01,101,98
SKU_4,2025-06-01,75,2026-03-01,99,96
SKU_4,2025-06-01,75,2026-04-01,104,102
SKU_4,2025-06-01,75,2026-05-01,99,96
SKU_4,2025-06-01,75,2026-06-01,100,93
SKU_4,2025-07-01,78,2025-08-01,106,105
SKU_4,2025-07-01,78,2025-09-01,104,100
SKU_4,2025-07-01,78,2025-10-01,99,499
SKU_4,2025-07-01,78,2025-11-01,80,103
SKU_4,2025-07-01,78,2025-12-01,89,18
SKU_4,2025-07-01,78,2026-01-01,102,93
SKU_4,2025-07-01,78,2026-02-01,98,98
SKU_4,2025-07-01,78,2026-03-01,89,96
SKU_4,2025-07-01,78,2026-04-01,103,102
SKU_4,2025-07-01,78,2026-05-01,92,96
SKU_4,2025-07-01,78,2026-06-01,97,93
SKU_4,2025-07-01,78,2026-07-01,104,107
SKU_4,2025-08-01,71,2025-09-01,98,100
SKU_4,2025-08-01,71,2025-10-01,90,100
SKU_4,2025-08-01,71,2025-11-01,101,103
SKU_4,2025-08-01,71,2025-12-01,80,92
SKU_4,2025-08-01,71,2026-01-01,85,93
SKU_4,2025-08-01,71,2026-02-01,102,491
SKU_4,2025-08-01,71,2026-03-01,100,96
SKU_4,2025-08-01,71,2026-04-01,74,102
SKU_4,2025-08-01,71,2026-05-01,91,96
SKU_4,2025-08-01,71,2026-06-01,93,93
SKU_4,2025-08-01,71,2026-07-01,107,107
SKU_4,2025-08-01,71,2026-08-01,93,98
SKU_4,2025-09-01,62,2025-10-01,107,100
SKU_4,2025-09-01,62,2025-11-01,108,103
SKU_4,2025-09-01,62,2025-12-01,91,460
SKU_4,2025-09-01,62,2026-01-01,93,93
SKU_4,2025-09-01,62,2026-02-01,99,98
SKU_4,2025-09-01,62,2026-03-01,86,96
SKU_4,2025-09-01,62,2026-04-01,101,102
SKU_4,2025-09-01,62,2026-05-01,92,96
SKU_4,2025-09-01,62,2026-06-01,88,93
SKU_4,2025-09-01,62,2026-07-01,106,107
SKU_4,2025-09-01,62,2026-08-01,107,98
SKU_4,2025-09-01,62,2026-09-01,103,99
SKU_4,2025-10-01,64,2025-11-01,130,103
SKU_4,2025-10-01,64,2025-12-01,95,92
SKU_4,2025-10-01,64,2026-01-01,100,93
SKU_4,2025-10-01,64,2026-02-01,103,491
SKU_4,2025-10-01,64,2026-03-01,96,96
SKU_4,2025-10-01,64,2026-04-01,99,102
SKU_4,2025-10-01,64,2026-05-01,99,96
SKU_4,2025-10-01,64,2026-06-01,95,93
SKU_4,2025-10-01,64,2026-07-01,142,535
SKU_4,2025-10-01,64,2026-08-01,101,98
SKU_4,2025-10-01,64,2026-09-01,105,99
SKU_4,2025-10-01,64,2026-10-01,89,92
SKU_4,2025-11-01,58,2025-12-01,99,92
SKU_4,2025-11-01,58,2026-01-01,94,93
SKU_4,2025-11-01,58,2026-02-01,109,98
SKU_4,2025-11-01,58,2026-03-01,62,96
SKU_4,2025-11-01,58,2026-04-01,111,102
SKU_4,2025-11-01,58,2026-05-01,97,96
SKU_4,2025-11-01,58,2026-06-01,90,93
SKU_4,2025-11-01,58,2026-07-01,105,107
SKU_4,2025-11-01,58,2026-08-01,97,98
SKU_4,2025-11-01,58,2026-09-01,102,99
SKU_4,2025-11-01,58,2026-10-01,94,92
SKU_4,2025-11-01,58,2026-11-01,63,96
SKU_4,2025-12-01,58,2026-01-01,93,93
SKU_4,2025-12-01,58,2026-02-01,109,98
SKU_4,2025-12-01,58,2026-03-01,104,96
SKU_4,2025-12-01,58,2026-04-01,104,20
SKU_4,2025-12-01,58,2026-05-01,66,96
SKU_4,2025-12-01,58,2026-06-01,94,93
SKU_4,2025-12-01,58,2026-07-01,110,107
SKU_4,2025-12-01,58,2026-08-01,93,98
SKU_4,2025-12-01,58,2026-09-01,68,99
SKU_4,2025-12-01,58,2026-10-01,83,92
SKU_4,2025-12-01,58,2026-11-01,98,19
SKU_4,2025-12-01,58,2026-12-01,102,99
SKU_4,2026-01-01,46,2026-02-01,96,98
SKU_4,2026-01-01,46,2026-03-01,104,96
SKU_4,2026-01-01,46,2026-04-01,96,102
SKU_4,2026-01-01,46,2026-05-01,118,96
SKU_4,2026-01-01,46,2026-06-01,94,93
SKU_4,2026-01-01,46,2026-07-01,112,107
SKU_4,2026-01-01,46,2026-08-01,107,98
SKU_4,2026-01-01,46,2026-09-01,97,99
SKU_4,2026-01-01,46,2026-10-01,97,92
SKU_4,2026-01-01,46,2026-11-01,96,96
SKU_4,2026-01-01,46,2026-12-01,98,99
SKU_4,2026-02-01,44,2026-03-01,100,96
SKU_4,2026-02-01,44,2026-04-01,75,102
SKU_4,2026-02-01,44,2026-05-01,88,96
SKU_4,2026-02-01,44,2026-06-01,100,93
SKU_4,2026-02-01,44,2026-07-01,114,107
SKU_4,2026-02-01,44,2026-08-01,95,98
SKU_4,2026-02-01,44,2026-09-01,101,99
SKU_4,2026-02-01,44,2026-10-01,94,92
SKU_4,2026-02-01,44,2026-11-01,97,96
SKU_4,2026-02-01,44,2026-12-01,96,99
SKU_4,2026-03-01,39,2026-04-01,99,102
SKU_4,2026-03-01,39,2026-05-01,96,479
SKU_4,2026-03-01,39,2026-06-01,99,93
SKU_4,2026-03-01,39,2026-07-01,110,107
SKU_4,2026-03-01,39,2026-08-01,96,98
SKU_4,2026-03-01,39,2026-09-01,103,99
SKU_4,2026-03-01,39,2026-10-01,78,92
SKU_4,2026-03-01,39,2026-11-01,102,96
SKU_4,2026-03-01,39,2026-12-01,90,20
SKU_4,2026-04-01,30,2026-05-01,94,96
SKU_4,2026-04-01,30,2026-06-01,87,93
SKU_4,2026-04-01,30,2026-07-01,131,107
SKU_4,2026-04-01,30,2026-08-01,104,98
SKU_4,2026-04-01,30,2026-09-01,97,99
SKU_4,2026-04-01,30,2026-10-01,93,92
SKU_4,2026-04-01,30,2026-11-01,96,96
SKU_4,2026-04-01,30,2026-12-01,101,99
SKU_4,2026-05-01,35,2026-06-01,93,93
SKU_4,2026-05-01,35,2026-07-01,71,107
SKU_4,2026-05-01,35,2026-08-01,103,98
SKU_4,2026-05-01,35,2026-09-01,97,99
SKU_4,2026-05-01,35,2026-10-01,84,92
SKU_4,2026-05-01,35,2026-11-01,64,96
SKU_4,2026-05-01,35,2026-12-01,106,99
SKU_4,2026-06-01,31,2026-07-01,111,107
SKU_4,2026-06-01,31,2026-08-01,97,98
SKU_4,2026-06-01,31,2026-09-01,98,99
SKU_4,2026-06-01,31,2026-10-01,90,92
SKU_4,2026-06-01,31,2026-11-01,106,96
SKU_4,2026-06-01,31,2026-12-01,101,99
SKU_4,2026-07-01,25,2026-08-01,100,98
SKU_4,2026-07-01,25,2026-09-01,105,99
SKU_4,2026-07-01,25,2026-10-01,93,92
SKU_4,2026-07-01,25,2026-11-01,95,96
SKU_4,2026-07-01,25,2026-12-01,98,99
SKU_4,2026-08-01,20,2026-09-01,129,99
SKU_4,2026-08-01,20,2026-10-01,92,92
SKU_4,2026-08-01,20,2026-11-01,100,96
SKU_4,2026-08-01,20,2026-12-01,99,99
SKU_4,2026-09-01,10,2026-10-01,95,92
SKU_4,2026-09-01,10,2026-11-01,95,96
SKU_4,2026-09-01,10,2026-12-01,99,99
SKU_4,2026-10-01,11,2026-11-01,86,96
SKU_4,2026-10-01,11,2026-12-01,103,99
SKU_4,2026-11-01,8,2026-12-01,101,99
SKU_5,2025-01-01,109,2025-02-01,147,112
SKU_5,2025-01-01,109,2025-03-01,88,103
SKU_5,2025-01-01,109,2025-04-01,113,103
SKU_5,2025-01-01,109,2025-05-01,111,22
SKU_5,2025-01-01,109,2025-06-01,113,107
SKU_5,2025-01-01,109,2025-07-01,95,101
SKU_5,2025-01-01,109,2025-08-01,109,105
SKU_5,2025-01-01,109,2025-09-01,95,100
SKU_5,2025-01-01,109,2025-10-01,97,100
SKU_5,2025-01-01,109,2025-11-01,113,103
SKU_5,2025-01-01,109,2025-12-01,91,92
SKU_5,2025-01-01,109,2026-01-01,94,93
SKU_5,2025-02-01,101,2025-03-01,107,103
SKU_5,2025-02-01,101,2025-04-01,105,103
SKU_5,2025-02-01,101,2025-05-01,112,111
SKU_5,2025-02-01,101,2025-06-01,109,107
SKU_5,2025-02-01,101,2025-07-01,113,101
SKU_5,2025-02-01,101,2025-08-01,105,105
SKU_5,2025-02-01,101,2025-09-01,101,100
SKU_5,2025-02-01,101,2025-10-01,105,100
SKU_5,2025-02-01,101,2025-11-01,109,103
SKU_5,2025-02-01,101,2025-12-01,98,92
SKU_5,2025-02-01,101,2026-01-01,126,93
SKU_5,2025-02-01,101,2026-02-01,93,98
SKU_5,2025-03-01,102,2025-04-01,111,103
SKU_5,2025-03-01,102,2025-05-01,106,111
SKU_5,2025-03-01,102,2025-06-01,109,107
SKU_5,2025-03-01,102,2025-07-01,97,20
SKU_5,2025-03-01,102,2025-08-01,105,105
SKU_5,2025-03-01,102,2025-09-01,102,100
SKU_5,2025-03-01,102,2025-10-01,131,100
SKU_5,2025-03-01,102,2025-11-01,105,103
SKU_5,2025-03-01,102,2025-12-01,100,92
SKU_5,2025-03-01,102,2026-01-01,95,93
SKU_5,2025-03-01,102,2026-02-01,97,20
SKU_5,2025-03-01,102,2026-03-01,101,96
SKU_5,2025-04-01,101,2025-05-01,117,111
SKU_5,2025-04-01,101,2025-06-01,101,107
SKU_5,2025-04-01,101,2025-07-01,104,101
SKU_5,2025-04-01,101,2025-08-01,109,527
SKU_5,2025-04-01,101,2025-09-01,99,100
SKU_5,2025-04-01,101,2025-10-01,107,100
SKU_5,2025-04-01,101,2025-11-01,102,103
SKU_5,2025-04-01,101,2025-12-01,93,18
SKU_5,2025-04-01,101,2026-01-01,92,93
SKU_5,2025-04-01,101,2026-02-01,98,98
SKU_5,2025-04-01,101,2026-03-01,90,479
SKU_5,2025-04-01,101,2026-04-01,95,102
SKU_5,2025-05-01,93,2025-06-01,115,107
SKU_5,2025-05-01,93,2025-07-01,96,101
SKU_5,2025-05-01,93,2025-08-01,101,105
SKU_5,2025-05-01,93,2025-09-01,59,100
SKU_5,2025-05-01,93,2025-10-01,97,100
SKU_5,2025-05-01,93,2025-11-01,97,103
SKU_5,2025-05-01,93,2025-12-01,100,92
SKU_5,2025-05-01,93,2026-01-01,98,93
SKU_5,2025-05-01,93,2026-02-01,95,98
SKU_5,2025-05-01,93,2026-03-01,107,96
SKU_5,2025-05-01,93,2026-04-01,107,102
SKU_5,2025-05-01,93,2026-05-01,94,96
SKU_5,2025-06-01,103,2025-07-01,88,101
SKU_5,2025-06-01,103,2025-08-01,117,105
SKU_5,2025-06-01,103,2025-09-01,93,100
SKU_5,2025-06-01,103,2025-10-01,92,100
SKU_5,2025-06-01,103,2025-11-01,108,103
SKU_5,2025-06-01,103,2025-12-01,104,92
SKU_5,2025-06-01,103,2026-01-01,70,93
SKU_5,2025-06-01,103,2026-02-01,101,98
SKU_5,2025-06-01,103,2026-03-01,99,96
SKU_5,2025-06-01,103,2026-04-01,106,102
SKU_5,2025-06-01,103,2026-05-01,100,19
SKU_5,2025-06-01,103,2026-06-01,94,93
SKU_5,2025-07-01,104,2025-08-01,106,105
SKU_5,2025-07-01,104,2025-09-01,100,100
SKU_5,2025-07-01,104,2025-10-01,96,100
SKU_5,2025-07-01,104,2025-11-01,102,516
SKU_5,2025-07-01,104,2025-12-01,84,92
SKU_5,2025-07-01,104,2026-01-01,92,93
SKU_5,2025-07-01,104,2026-02-01,93,98
SKU_5,2025-07-01,104,2026-03-01,90,96
SKU_5,2025-07-01,104,2026-04-01,103,102
SKU_5,2025-07-01,104,2026-05-01,103,96
SKU_5,2025-07-01,104,2026-06-01,98,93
SKU_5,2025-07-01,104,2026-07-01,69,107
SKU_5,2025-08-01,117,2025-09-01,95,100
SKU_5,2025-08-01,117,2025-10-01,105,100
SKU_5,2025-08-01,117,2025-11-01,98,103
SKU_5,2025-08-01,117,2025-12-01,91,92
SKU_5,2025-08-01,117,2026-01-01,95,93
SKU_5,2025-08-01,117,2026-02-01,93,98
SKU_5,2025-08-01,117,2026-03-01,66,96
SKU_5,2025-08-01,117,2026-04-01,95,102
SKU_5,2025-08-01,117,2026-05-01,63,96
SKU_5,2025-08-01,117,2026-06-01,95,93
SKU_5,2025-08-01,117,2026-07-01,99,107
SKU_5,2025-08-01,117,2026-08-01,101,20
SKU_5,2025-09-01,105,2025-10-01,100,100
SKU_5,2025-09-01,105,2025-11-01,106,103
SKU_5,2025-09-01,105,2025-12-01,123,92
SKU_5,2025-09-01,105,2026-01-01,100,93
SKU_5,2025-09-01,105,2026-02-01,99,98
SKU_5,2025-09-01,105,2026-03-01,94,96
SKU_5,2025-09-01,105,2026-04-01,103,102
SKU_5,2025-09-01,105,2026-05-01,98,96
SKU_5,2025-09-01,105,2026-06-01,93,93
SKU_5,2025-09-01,105,2026-07-01,107,107
SKU_5,2025-09-01,105,2026-08-01,95,98
SKU_5,2025-09-01,105,2026-09-01,66,99
SKU_5,2025-10-01,108,2025-11-01,96,103
SKU_5,2025-10-01,108,2025-12-01,101,92
SKU_5,2025-10-01,108,2026-01-01,87,93
SKU_5,2025-10-01,108,2026-02-01,95,98
SKU_5,2025-10-01,108,2026-03-01,92,96
SKU_5,2025-10-01,108,2026-04-01,107,20
SKU_5,2025-10-01,108,2026-05-01,94,96
SKU_5,2025-10-01,108,2026-06-01,99,93
SKU_5,2025-10-01,108,2026-07-01,104,107
SKU_5,2025-10-01,108,2026-08-01,100,98
SKU_5,2025-10-01,108,2026-09-01,95,99
SKU_5,2025-10-01,108,2026-10-01,102,92
SKU_5,2025-11-01,107,2025-12-01,86,92
SKU_5,2025-11-01,107,2026-01-01,124,93
SKU_5,2025-11-01,107,2026-02-01,101,98
SKU_5,2025-11-01,107,2026-03-01,98,96
SKU_5,2025-11-01,107,2026-04-01,101,102
SKU_5,2025-11-01,107,2026-05-01,95,96
SKU_5,2025-11-01,107,2026-06-01,93,93
SKU_5,2025-11-01,107,2026-07-01,106,107
SKU_5,2025-11-01,107,2026-08-01,103,20
SKU_5,2025-11-01,107,2026-09-01,111,99
SKU_5,2025-11-01,107,2026-10-01,89,92
SKU_5,2025-11-01,107,2026-11-01,89,96
SKU_5,2025-12-01,102,2026-01-01,92,93
SKU_5,2025-12-01,102,2026-02-01,111,98
SKU_5,2025-12-01,102,2026-03-01,92,96
SKU_5,2025-12-01,102,2026-04-01,110,102
SKU_5,2025-12-01,102,2026-05-01,104,96
SKU_5,2025-12-01,102,2026-06-01,90,93
SKU_5,2025-12-01,102,2026-07-01,110,107
SKU_5,2025-12-01,102,2026-08-01,106,98
SKU_5,2025-12-01,102,2026-09-01,98,99
SKU_5,2025-12-01,102,2026-10-01,91,92
SKU_5,2025-12-01,102,2026-11-01,93,96
SKU_5,2025-12-01,102,2026-12-01,94,99
SKU_5,2026-01-01,115,2026-02-01,125,98
SKU_5,2026-01-01,115,2026-03-01,90,96
SKU_5,2026-01-01,115,2026-04-01,102,102
SKU_5,2026-01-01,115,2026-05-01,92,96
SKU_5,2026-01-01,115,2026-06-01,94,93
SKU_5,2026-01-01,115,2026-07-01,99,107
SKU_5,2026-01-01,115,2026-08-01,100,98
SKU_5,2026-01-01,115,2026-09-01,104,99
SKU_5,2026-01-01,115,2026-10-01,112,92
SKU_5,2026-01-01,115,2026-11-01,98,96
SKU_5,2026-01-01,115,2026-12-01,105,99
SKU_5,2026-02-01,113,2026-03-01,90,96
SKU_5,2026-02-01,113,2026-04-01,110,102
SKU_5,2026-02-01,113,2026-05-01,98,96
SKU_5,2026-02-01,113,2026-06-01,89,93
SKU_5,2026-02-01,113,2026-07-01,107,107
SKU_5,2026-02-01,113,2026-08-01,101,98
SKU_5,2026-02-01,113,2026-09-01,100,99
SKU_5,2026-02-01,113,2026-10-01,94,92
SKU_5,2026-02-01,113,2026-11-01,91,96
SKU_5,2026-02-01,113,2026-12-01,100,99
SKU_5,2026-03-01,114,2026-04-01,95,102
SKU_5,2026-03-01,114,2026-05-01,95,96
SKU_5,2026-03-01,114,2026-06-01,88,93
SKU_5,2026-03-01,114,2026-07-01,103,107
SKU_5,2026-03-01,114,2026-08-01,104,98
SKU_5,2026-03-01,114,2026-09-01,105,99
SKU_5,2026-03-01,114,2026-10-01,95,92
SKU_5,2026-03-01,114,2026-11-01,90,96
SKU_5,2026-03-01,114,2026-12-01,97,99
SKU_5,2026-04-01,107,2026-05-01,132,96
SKU_5,2026-04-01,107,2026-06-01,94,93
SKU_5,2026-04-01,107,2026-07-01,119,107
SKU_5,2026-04-01,107,2026-08-01,100,20
SKU_5,2026-04-01,107,2026-09-01,100,99
SKU_5,2026-04-01,107,2026-10-01,90,92
SKU_5,2026-04-01,107,2026-11-01,97,96
SKU_5,2026-04-01,107,2026-12-01,98,99
SKU_5,2026-05-01,119,2026-06-01,96,93
SKU_5,2026-05-01,119,2026-07-01,112,107
SKU_5,2026-05-01,119,2026-08-01,94,98
SKU_5,2026-05-01,119,2026-09-01,93,99
SKU_5,2026-05-01,119,2026-10-01,83,92
SKU_5,2026-05-01,119,2026-11-01,98,96
SKU_5,2026-05-01,119,2026-12-01,93,99
SKU_5,2026-06-01,106,2026-07-01,96,107
SKU_5,2026-06-01,106,2026-08-01,100,98
SKU_5,2026-06-01,106,2026-09-01,142,99
SKU_5,2026-06-01,106,2026-10-01,92,459
SKU_5,2026-06-01,106,2026-11-01,100,96
SKU_5,2026-06-01,106,2026-12-01,69,99
SKU_5,2026-07-01,117,2026-08-01,98,98
SKU_5,2026-07-01,117,2026-09-01,74,99
SKU_5,2026-07-01,117,2026-10-01,90,92
SKU_5,2026-07-01,117,2026-11-01,97,96
SKU_5,2026-07-01,117,2026-12-01,100,99
SKU_5,2026-08-01,126,2026-09-01,96,99
SKU_5,2026-08-01,126,2026-10-01,97,92
SKU_5,2026-08-01,126,2026-11-01,95,96
SKU_5,2026-08-01,126,2026-12-01,95,99
SKU_5,2026-09-01,110,2026-10-01,94,92
SKU_5,2026-09-01,110,2026-11-01,91,96
SKU_5,2026-09-01,110,2026-12-01,99,99
SKU_5,2026-10-01,113,2026-11-01,96,96
SKU_5,2026-10-01,113,2026-12-01,104,99
SKU_5,2026-11-01,117,2026-12-01,101,99
SKU_6,2025-01-01,79,2025-02-01,112,112
SKU_6,2025-01-01,79,2025-03-01,107,103
SKU_6,2025-01-01,79,2025-04-01,110,103
SKU_6,2025-01-01,79,2025-05-01,114,22
SKU_6,2025-01-01,79,2025-06-01,107,107
SKU_6,2025-01-01,79,2025-07-01,94,101
SKU_6,2025-01-01,79,2025-08-01,100,105
SKU_6,2025-01-01,79,2025-09-01,99,100
SKU_6,2025-01-01,79,2025-10-01,97,100
SKU_6,2025-01-01,79,2025-11-01,102,103
SKU_6,2025-01-01,79,2025-12-01,92,92
SKU_6,2025-01-01,79,2026-01-01,95,93
SKU_6,2025-02-01,87,2025-03-01,73,103
SKU_6,2025-02-01,87,2025-04-01,105,103
SKU_6,2025-02-01,87,2025-05-01,112,111
SKU_6,2025-02-01,87,2025-06-01,97,107
SKU_6,2025-02-01,87,2025-07-01,96,101
SKU_6,2025-02-01,87,2025-08-01,105,105
SKU_6,2025-02-01,87,2025-09-01,94,100
SKU_6,2025-02-01,87,2025-10-01,103,100
SKU_6,2025-02-01,87,2025-11-01,111,103
SKU_6,2025-02-01,87,2025-12-01,98,92
SKU_6,2025-02-01,87,2026-01-01,92,93
SKU_6,2025-02-01,87,2026-02-01,106,98
SKU_6,2025-03-01,80,2025-04-01,133,103
SKU_6,2025-03-01,80,2025-05-01,110,111
SKU_6,2025-03-01,80,2025-06-01,104,107
SKU_6,2025-03-01,80,2025-07-01,99,503
SKU_6,2025-03-01,80,2025-08-01,104,105
SKU_6,2025-03-01,80,2025-09-01,101,100
SKU_6,2025-03-01,80,2025-10-01,101,100
SKU_6,2025-03-01,80,2025-11-01,103,103
SKU_6,2025-03-01,80,2025-12-01,94,92
SKU_6,2025-03-01,80,2026-01-01,99,93
SKU_6,2025-03-01,80,2026-02-01,103,98
SKU_6,2025-03-01,80,2026-03-01,88,96
SKU_6,2025-04-01,93,2025-05-01,99,111
SKU_6,2025-04-01,93,2025-06-01,112,107
SKU_6,2025-04-01,93,2025-07-01,94,101
SKU_6,2025-04-01,93,2025-08-01,104,105
SKU_6,2025-04-01,93,2025-09-01,94,100
SKU_6,2025-04-01,93,2025-10-01,91,100
SKU_6,2025-04-01,93,2025-11-01,106,103
SKU_6,2025-04-01,93,2025-12-01,96,92
SKU_6,2025-04-01,93,2026-01-01,90,93
SKU_6,2025-04-01,93,2026-02-01,85,491
SKU_6,2025-04-01,93,2026-03-01,93,96
SKU_6,2025-04-01,93,2026-04-01,104,102
SKU_6,2025-05-01,81,2025-06-01,100,107
SKU_6,2025-05-01,81,2025-07-01,102,101
SKU_6,2025-05-01,81,2025-08-01,105,105
SKU_6,2025-05-01,81,2025-09-01,103,100
SKU_6,2025-05-01,81,2025-10-01,100,100
SKU_6,2025-05-01,81,2025-11-01,98,103
SKU_6,2025-05-01,81,2025-12-01,98,92
SKU_6,2025-05-01,81,2026-01-01,92,93
SKU_6,2025-05-01,81,2026-02-01,98,98
SKU_6,2025-05-01,81,2026-03-01,91,96
SKU_6,2025-05-01,81,2026-04-01,100,102
SKU_6,2025-05-01,81,2026-05-01,91,96
SKU_6,2025-06-01,84,2025-07-01,100,101
SKU_6,2025-06-01,84,2025-08-01,114,21
SKU_6,2025-06-01,84,2025-09-01,93,100
SKU_6,2025-06-01,84,2025-10-01,92,100
SKU_6,2025-06-01,84,2025-11-01,110,103
SKU_6,2025-06-01,84,2025-12-01,91,92
SKU_6,2025-06-01,84,2026-01-01,89,93
SKU_6,2025-06-01,84,2026-02-01,103,98
SKU_6,2025-06-01,84,2026-03-01,93,96
SKU_6,2025-06-01,84,2026-04-01,141,102
SKU_6,2025-06-01,84,2026-05-01,99,96
SKU_6,2025-06-01,84,2026-06-01,90,93
SKU_6,2025-07-01,90,2025-08-01,116,105
SKU_6,2025-07-01,90,2025-09-01,97,100
SKU_6,2025-07-01,90,2025-10-01,104,100
SKU_6,2025-07-01,90,2025-11-01,105,103
SKU_6,2025-07-01,90,2025-12-01,99,460
SKU_6,2025-07-01,90,2026-01-01,101,93
SKU_6,2025-07-01,90,2026-02-01,98,98
SKU_6,2025-07-01,90,2026-03-01,92,96
SKU_6,2025-07-01,90,2026-04-01,134,102
SKU_6,2025-07-01,90,2026-05-01,62,96
SKU_6,2025-07-01,90,2026-06-01,73,93
SKU_6,2025-07-01,90,2026-07-01,108,107
SKU_6,2025-08-01,79,2025-09-01,98,100
SKU_6,2025-08-01,79,2025-10-01,101,100
SKU_6,2025-08-01,79,2025-11-01,96,103
SKU_6,2025-08-01,79,2025-12-01,87,18
SKU_6,2025-08-01,79,2026-01-01,99,93
SKU_6,2025-08-01,79,2026-02-01,95,98
SKU_6,2025-08-01,79,2026-03-01,91,96
SKU_6,2025-08-01,79,2026-04-01,105,102
SKU_6,2025-08-01,79,2026-05-01,102,479
SKU_6,2025-08-01,79,2026-06-01,97,93
SKU_6,2025-08-01,79,2026-07-01,112,107
SKU_6,2025-08-01,79,2026-08-01,95,98
SKU_6,2025-09-01,87,2025-10-01,93,100
SKU_6,2025-09-01,87,2025-11-01,111,103
SKU_6,2025-09-01,87,2025-12-01,90,92
SKU_6,2025-09-01,87,2026-01-01,91,19
SKU_6,2025-09-01,87,2026-02-01,105,98
SKU_6,2025-09-01,87,2026-03-01,99,96
SKU_6,2025-09-01,87,2026-04-01,104,102
SKU_6,2025-09-01,87,2026-05-01,107,96
SKU_6,2025-09-01,87,2026-06-01,90,93
SKU_6,2025-09-01,87,2026-07-01,142,107
SKU_6,2025-09-01,87,2026-08-01,99,98
SKU_6,2025-09-01,87,2026-09-01,101,99
SKU_6,2025-10-01,92,2025-11-01,111,103
SKU_6,2025-10-01,92,2025-12-01,95,92
SKU_6,2025-10-01,92,2026-01-01,95,93
SKU_6,2025-10-01,92,2026-02-01,134,98
SKU_6,2025-10-01,92,2026-03-01,64,96
SKU_6,2025-10-01,92,2026-04-01,98,102
SKU_6,2025-10-01,92,2026-05-01,91,96
SKU_6,2025-10-01,92,2026-06-01,83,93
SKU_6,2025-10-01,92,2026-07-01,117,21
SKU_6,2025-10-01,92,2026-08-01,93,98
SKU_6,2025-10-01,92,2026-09-01,98,99
SKU_6,2025-10-01,92,2026-10-01,120,92
SKU_6,2025-11-01,78,2025-12-01,94,92
SKU_6,2025-11-01,78,2026-01-01,97,464
SKU_6,2025-11-01,78,2026-02-01,103,98
SKU_6,2025-11-01,78,2026-03-01,93,96
SKU_6,2025-11-01,78,2026-04-01,101,102
SKU_6,2025-11-01,78,2026-05-01,97,479
SKU_6,2025-11-01,78,2026-06-01,92,93
SKU_6,2025-11-01,78,2026-07-01,115,107
SKU_6,2025-11-01,78,2026-08-01,101,98
SKU_6,2025-11-01,78,2026-09-01,133,99
SKU_6,2025-11-01,78,2026-10-01,95,92
SKU_6,2025-11-01,78,2026-11-01,102,96
SKU_6,2025-12-01,87,2026-01-01,94,93
SKU_6,2025-12-01,87,2026-02-01,92,98
SKU_6,2025-12-01,87,2026-03-01,98,96
SKU_6,2025-12-01,87,2026-04-01,99,102
SKU_6,2025-12-01,87,2026-05-01,63,96
SKU_6,2025-12-01,87,2026-06-01,96,93
SKU_6,2025-12-01,87,2026-07-01,113,107
SKU_6,2025-12-01,87,2026-08-01,68,98
SKU_6,2025-12-01,87,2026-09-01,101,99
SKU_6,2025-12-01,87,2026-10-01,100,92
SKU_6,2025-12-01,87,2026-11-01,97,96
SKU_6,2025-12-01,87,2026-12-01,112,99
SKU_6,2026-01-01,88,2026-02-01,101,98
SKU_6,2026-01-01,88,2026-03-01,57,96
SKU_6,2026-01-01,88,2026-04-01,106,102
SKU_6,2026-01-01,88,2026-05-01,128,96
SKU_6,2026-01-01,88,2026-06-01,99,93
SKU_6,2026-01-01,88,2026-07-01,80,107
SKU_6,2026-01-01,88,2026-08-01,98,98
SKU_6,2026-01-01,88,2026-09-01,93,99
SKU_6,2026-01-01,88,2026-10-01,91,92
SKU_6,2026-01-01,88,2026-11-01,92,96
SKU_6,2026-01-01,88,2026-12-01,96,99
SKU_6,2026-02-01,90,2026-03-01,99,96
SKU_6,2026-02-01,90,2026-04-01,110,102
SKU_6,2026-02-01,90,2026-05-01,98,96
SKU_6,2026-02-01,90,2026-06-01,87,93
SKU_6,2026-02-01,90,2026-07-01,109,107
SKU_6,2026-02-01,90,2026-08-01,74,98
SKU_6,2026-02-01,90,2026-09-01,96,99
SKU_6,2026-02-01,90,2026-10-01,91,92
SKU_6,2026-02-01,90,2026-11-01,96,96
SKU_6,2026-02-01,90,2026-12-01,95,99
SKU_6,2026-03-01,80,2026-04-01,105,102
SKU_6,2026-03-01,80,2026-05-01,125,479
SKU_6,2026-03-01,80,2026-06-01,65,93
SKU_6,2026-03-01,80,2026-07-01,73,107
SKU_6,2026-03-01,80,2026-08-01,96,98
SKU_6,2026-03-01,80,2026-09-01,103,99
SKU_6,2026-03-01,80,2026-10-01,120,92
SKU_6,2026-03-01,80,2026-11-01,105,96
SKU_6,2026-03-01,80,2026-12-01,97,99
SKU_6,2026-04-01,80,2026-05-01,97,96
SKU_6,2026-04-01,80,2026-06-01,98,465
SKU_6,2026-04-01,80,2026-07-01,100,107
SKU_6,2026-04-01,80,2026-08-01,90,98
SKU_6,2026-04-01,80,2026-09-01,92,99
SKU_6,2026-04-01,80,2026-10-01,98,92
SKU_6,2026-04-01,80,2026-11-01,93,96
SKU_6,2026-04-01,80,2026-12-01,112,99
SKU_6,2026-05-01,89,2026-06-01,90,93
SKU_6,2026-05-01,89,2026-07-01,108,21
SKU_6,2026-05-01,89,2026-08-01,106,98
SKU_6,2026-05-01,89,2026-09-01,110,497
SKU_6,2026-05-01,89,2026-10-01,102,92
SKU_6,2026-05-01,89,2026-11-01,102,96
SKU_6,2026-05-01,89,2026-12-01,104,99
SKU_6,2026-06-01,88,2026-07-01,110,107
SKU_6,2026-06-01,88,2026-08-01,102,98
SKU_6,2026-06-01,88,2026-09-01,97,99
SKU_6,2026-06-01,88,2026-10-01,88,92
SKU_6,2026-06-01,88,2026-11-01,96,96
SKU_6,2026-06-01,88,2026-12-01,98,99
SKU_6,2026-07-01,88,2026-08-01,96,492
SKU_6,2026-07-01,88,2026-09-01,103,99
SKU_6,2026-07-01,88,2026-10-01,97,92
SKU_6,2026-07-01,88,2026-11-01,96,96
SKU_6,2026-07-01,88,2026-12-01,106,99
SKU_6,2026-08-01,89,2026-09-01,64,99
SKU_6,2026-08-01,89,2026-10-01,91,92
SKU_6,2026-08-01,89,2026-11-01,92,96
SKU_6,2026-08-01,89,2026-12-01,90,99
SKU_6,2026-09-01,84,2026-10-01,91,92
SKU_6,2026-09-01,84,2026-11-01,95,96
SKU_6,2026-09-01,84,2026-12-01,106,99
SKU_6,2026-10-01,89,2026-11-01,99,96
SKU_6,2026-10-01,89,2026-12-01,94,99
SKU_6,2026-11-01,89,2026-12-01,108,494
SKU_7,2025-01-01,114,2025-02-01,118,112
SKU_7,2025-01-01,114,2025-03-01,106,103
SKU_7,2025-01-01,114,2025-04-01,102,103
SKU_7,2025-01-01,114,2025-05-01,107,111
SKU_7,2025-01-01,114,2025-06-01,105,107
SKU_7,2025-01-01,114,2025-07-01,136,101
SKU_7,2025-01-01,114,2025-08-01,115,527
SKU_7,2025-01-01,114,2025-09-01,138,100
SKU_7,2025-01-01,114,2025-10-01,67,100
SKU_7,2025-01-01,114,2025-11-01,98,103
SKU_7,2025-01-01,114,2025-12-01,93,18
SKU_7,2025-01-01,114,2026-01-01,114,93
SKU_7,2025-02-01,124,2025-03-01,105,103
SKU_7,2025-02-01,124,2025-04-01,102,103
SKU_7,2025-02-01,124,2025-05-01,109,111
SKU_7,2025-02-01,124,2025-06-01,99,107
SKU_7,2025-02-01,124,2025-07-01,103,101
SKU_7,2025-02-01,124,2025-08-01,103,105
SKU_7,2025-02-01,124,2025-09-01,94,100
SKU_7,2025-02-01,124,2025-10-01,86,100
SKU_7,2025-02-01,124,2025-11-01,103,103
SKU_7,2025-02-01,124,2025-12-01,101,92
SKU_7,2025-02-01,124,2026-01-01,101,93
SKU_7,2025-02-01,124,2026-02-01,96,98
SKU_7,2025-03-01,117,2025-04-01,100,103
SKU_7,2025-03-01,117,2025-05-01,114,111
SKU_7,2025-03-01,117,2025-06-01,102,107
SKU_7,2025-03-01,117,2025-07-01,72,101
SKU_7,2025-03-01,117,2025-08-01,109,105
SKU_7,2025-03-01,117,2025-09-01,106,100
SKU_7,2025-03-01,117,2025-10-01,99,100
SKU_7,2025-03-01,117,2025-11-01,102,103
SKU_7,2025-03-01,117,2025-12-01,88,92
SKU_7,2025-03-01,117,2026-01-01,89,93
SKU_7,2025-03-01,117,2026-02-01,97,98
SKU_7,2025-03-01,117,2026-03-01,98,96
SKU_7,2025-04-01,126,2025-05-01,116,111
SKU_7,2025-04-01,126,2025-06-01,103,536
SKU_7,2025-04-01,126,2025-07-01,78,101
SKU_7,2025-04-01,126,2025-08-01,104,105
SKU_7,2025-04-01,126,2025-09-01,100,100
SKU_7,2025-04-01,126,2025-10-01,96,100
SKU_7,2025-04-01,126,2025-11-01,91,103
SKU_7,2025-04-01,126,2025-12-01,97,92
SKU_7,2025-04-01,126,2026-01-01,96,93
SKU_7,2025-04-01,126,2026-02-01,97,491
SKU_7,2025-04-01,126,2026-03-01,96,96
SKU_7,2025-04-01,126,2026-04-01,105,102
SKU_7,2025-05-01,129,2025-06-01,99,107
SKU_7,2025-05-01,129,2025-07-01,98,101
SKU_7,2025-05-01,129,2025-08-01,109,105
SKU_7,2025-05-01,129,2025-09-01,94,100
SKU_7,2025-05-01,129,2025-10-01,101,100
SKU_7,2025-05-01,129,2025-11-01,96,103
SKU_7,2025-05-01,129,2025-12-01,94,92
SKU_7,2025-05-01,129,2026-01-01,93,93
SKU_7,2025-05-01,129,2026-02-01,90,98
SKU_7,2025-05-01,129,2026-03-01,102,96
SKU_7,2025-05-01,129,2026-04-01,98,102
SKU_7,2025-05-01,129,2026-05-01,92,96
SKU_7,2025-06-01,120,2025-07-01,102,503
SKU_7,2025-06-01,120,2025-08-01,111,105
SKU_7,2025-06-01,120,2025-09-01,95,501
SKU_7,2025-06-01,120,2025-10-01,100,100
SKU_7,2025-06-01,120,2025-11-01,105,103
SKU_7,2025-06-01,120,2025-12-01,96,92
SKU_7,2025-06-01,120,2026-01-01,94,93
SKU_7,2025-06-01,120,2026-02-01,96,98
SKU_7,2025-06-01,120,2026-03-01,92,96
SKU_7,2025-06-01,120,2026-04-01,103,102
SKU_7,2025-06-01,120,2026-05-01,90,96
SKU_7,2025-06-01,120,2026-06-01,78,93
SKU_7,2025-07-01,130,2025-08-01,108,105
SKU_7,2025-07-01,130,2025-09-01,105,100
SKU_7,2025-07-01,130,2025-10-01,88,100
SKU_7,2025-07-01,130,2025-11-01,98,103
SKU_7,2025-07-01,130,2025-12-01,95,92
SKU_7,2025-07-01,130,2026-01-01,103,93
SKU_7,2025-07-01,130,2026-02-01,98,98
SKU_7,2025-07-01,130,2026-03-01,92,96
SKU_7,2025-07-01,130,2026-04-01,101,102
SKU_7,2025-07-01,130,2026-05-01,103,96
SKU_7,2025-07-01,130,2026-06-01,90,93
SKU_7,2025-07-01,130,2026-07-01,73,107
SKU_7,2025-08-01,128,2025-09-01,98,100
SKU_7,2025-08-01,128,2025-10-01,65,100
SKU_7,2025-08-01,128,2025-11-01,104,103
SKU_7,2025-08-01,128,2025-12-01,100,92
SKU_7,2025-08-01,128,2026-01-01,94,93
SKU_7,2025-08-01,128,2026-02-01,97,98
SKU_7,2025-08-01,128,2026-03-01,94,96
SKU_7,2025-08-01,128,2026-04-01,94,102
SKU_7,2025-08-01,128,2026-05-01,100,96
SKU_7,2025-08-01,128,2026-06-01,93,93
SKU_7,2025-08-01,128,2026-07-01,136,107
SKU_7,2025-08-01,128,2026-08-01,114,98
SKU_7,2025-09-01,131,2025-10-01,101,100
SKU_7,2025-09-01,131,2025-11-01,99,103
SKU_7,2025-09-01,131,2025-12-01,90,92
SKU_7,2025-09-01,131,2026-01-01,68,93
SKU_7,2025-09-01,131,2026-02-01,99,20
SKU_7,2025-09-01,131,2026-03-01,89,479
SKU_7,2025-09-01,131,2026-04-01,107,102
SKU_7,2025-09-01,131,2026-05-01,92,96
SKU_7,2025-09-01,131,2026-06-01,72,93
SKU_7,2025-09-01,131,2026-07-01,112,107
SKU_7,2025-09-01,131,2026-08-01,96,98
SKU_7,2025-09-01,131,2026-09-01,106,99
SKU_7,2025-10-01,138,2025-11-01,103,103
SKU_7,2025-10-01,138,2025-12-01,96,92
SKU_7,2025-10-01,138,2026-01-01,65,93
SKU_7,2025-10-01,138,2026-02-01,94,98
SKU_7,2025-10-01,138,2026-03-01,93,96
SKU_7,2025-10-01,138,2026-04-01,107,102
SKU_7,2025-10-01,138,2026-05-01,94,96
SKU_7,2025-10-01,138,2026-06-01,91,93
SKU_7,2025-10-01,138,2026-07-01,102,107
SKU_7,2025-10-01,138,2026-08-01,100,98
SKU_7,2025-10-01,138,2026-09-01,110,99
SKU_7,2025-10-01,138,2026-10-01,86,92
SKU_7,2025-11-01,128,2025-12-01,92,92
SKU_7,2025-11-01,128,2026-01-01,100,93
SKU_7,2025-11-01,128,2026-02-01,98,491
SKU_7,2025-11-01,128,2026-03-01,98,96
SKU_7,2025-11-01,128,2026-04-01,97,102
SKU_7,2025-11-01,128,2026-05-01,98,96
SKU_7,2025-11-01,128,2026-06-01,122,93
SKU_7,2025-11-01,128,2026-07-01,112,107
SKU_7,2025-11-01,128,2026-08-01,104,98
SKU_7,2025-11-01,128,2026-09-01,112,99
SKU_7,2025-11-01,128,2026-10-01,95,92
SKU_7,2025-11-01,128,2026-11-01,128,96
SKU_7,2025-12-01,126,2026-01-01,124,19
SKU_7,2025-12-01,126,2026-02-01,67,98
SKU_7,2025-12-01,126,2026-03-01,97,19
SKU_7,2025-12-01,126,2026-04-01,101,102
SKU_7,2025-12-01,126,2026-05-01,97,96
SKU_7,2025-12-01,126,2026-06-01,100,93
SKU_7,2025-12-01,126,2026-07-01,102,107
SKU_7,2025-12-01,126,2026-08-01,104,98
SKU_7,2025-12-01,126,2026-09-01,106,99
SKU_7,2025-12-01,126,2026-10-01,91,92
SKU_7,2025-12-01,126,2026-11-01,85,96
SKU_7,2025-12-01,126,2026-12-01,66,494
SKU_7,2026-01-01,127,2026-02-01,105,98
SKU_7,2026-01-01,127,2026-03-01,96,96
SKU_7,2026-01-01,127,2026-04-01,97,102
SKU_7,2026-01-01,127,2026-05-01,123,96
SKU_7,2026-01-01,127,2026-06-01,97,93
SKU_7,2026-01-01,127,2026-07-01,110,535
SKU_7,2026-01-01,127,2026-08-01,97,98
SKU_7,2026-01-01,127,2026-09-01,98,99
SKU_7,2026-01-01,127,2026-10-01,90,92
SKU_7,2026-01-01,127,2026-11-01,91,96
SKU_7,2026-01-01,127,2026-12-01,107,99
SKU_7,2026-02-01,128,2026-03-01,94,96
SKU_7,2026-02-01,128,2026-04-01,108,102
SKU_7,2026-02-01,128,2026-05-01,103,96
SKU_7,2026-02-01,128,2026-06-01,128,93
SKU_7,2026-02-01,128,2026-07-01,105,21
SKU_7,2026-02-01,128,2026-08-01,100,20
SKU_7,2026-02-01,128,2026-09-01,99,99
SKU_7,2026-02-01,128,2026-10-01,87,92
SKU_7,2026-02-01,128,2026-11-01,98,19
SKU_7,2026-02-01,128,2026-12-01,93,99
SKU_7,2026-03-01,132,2026-04-01,108,511
SKU_7,2026-03-01,132,2026-05-01,93,96
SKU_7,2026-03-01,132,2026-06-01,94,93
SKU_7,2026-03-01,132,2026-07-01,108,535
SKU_7,2026-03-01,132,2026-08-01,127,20
SKU_7,2026-03-01,132,2026-09-01,102,99
SKU_7,2026-03-01,132,2026-10-01,89,459
SKU_7,2026-03-01,132,2026-11-01,100,96
SKU_7,2026-03-01,132,2026-12-01,92,20
SKU_7,2026-04-01,136,2026-05-01,96,96
SKU_7,2026-04-01,136,2026-06-01,103,93
SKU_7,2026-04-01,136,2026-07-01,102,107
SKU_7,2026-04-01,136,2026-08-01,95,98
SKU_7,2026-04-01,136,2026-09-01,72,99
SKU_7,2026-04-01,136,2026-10-01,93,92
SKU_7,2026-04-01,136,2026-11-01,68,96
SKU_7,2026-04-01,136,2026-12-01,101,99
SKU_7,2026-05-01,136,2026-06-01,96,93
SKU_7,2026-05-01,136,2026-07-01,113,107
SKU_7,2026-05-01,136,2026-08-01,130,98
SKU_7,2026-05-01,136,2026-09-01,98,99
SKU_7,2026-05-01,136,2026-10-01,95,92
SKU_7,2026-05-01,136,2026-11-01,105,96
SKU_7,2026-05-01,136,2026-12-01,98,99
SKU_7,2026-06-01,140,2026-07-01,102,107
SKU_7,2026-06-01,140,2026-08-01,104,98
SKU_7,2026-06-01,140,2026-09-01,99,99
SKU_7,2026-06-01,140,2026-10-01,81,92
SKU_7,2026-06-01,140,2026-11-01,100,96
SKU_7,2026-06-01,140,2026-12-01,96,99
SKU_7,2026-07-01,137,2026-08-01,98,98
SKU_7,2026-07-01,137,2026-09-01,101,99
SKU_7,2026-07-01,137,2026-10-01,93,92
SKU_7,2026-07-01,137,2026-11-01,99,96
SKU_7,2026-07-01,137,2026-12-01,97,99
SKU_7,2026-08-01,145,2026-09-01,102,99
SKU_7,2026-08-01,145,2026-10-01,90,92
SKU_7,2026-08-01,145,2026-11-01,100,96
SKU_7,2026-08-01,145,2026-12-01,102,99
SKU_7,2026-09-01,137,2026-10-01,87,92
SKU_7,2026-09-01,137,2026-11-01,101,96
SKU_7,2026-09-01,137,2026-12-01,96,99
SKU_7,2026-10-01,153,2026-11-01,100,96
SKU_7,2026-10-01,153,2026-12-01,101,99
SKU_7,2026-11-01,144,2026-12-01,108,99
SKU_8,2025-01-01,89,2025-02-01,111,560
SKU_8,2025-01-01,89,2025-03-01,101,103
SKU_8,2025-01-01,89,2025-04-01,103,103
SKU_8,2025-01-01,89,2025-05-01,80,111
SKU_8,2025-01-01,89,2025-06-01,111,21
SKU_8,2025-01-01,89,2025-07-01,93,101
SKU_8,2025-01-01,89,2025-08-01,100,105
SKU_8,2025-01-01,89,2025-09-01,95,100
SKU_8,2025-01-01,89,2025-10-01,75,20
SKU_8,2025-01-01,89,2025-11-01,112,103
SKU_8,2025-01-01,89,2025-12-01,92,92
SKU_8,2025-01-01,89,2026-01-01,122,93
SKU_8,2025-02-01,95,2025-03-01,103,103
SKU_8,2025-02-01,95,2025-04-01,108,103
SKU_8,2025-02-01,95,2025-05-01,107,111
SKU_8,2025-02-01,95,2025-06-01,108,107
SKU_8,2025-02-01,95,2025-07-01,106,101
SKU_8,2025-02-01,95,2025-08-01,108,105
SKU_8,2025-02-01,95,2025-09-01,101,100
SKU_8,2025-02-01,95,2025-10-01,105,100
SKU_8,2025-02-01,95,2025-11-01,90,103
SKU_8,2025-02-01,95,2025-12-01,95,92
SKU_8,2025-02-01,95,2026-01-01,89,93
SKU_8,2025-02-01,95,2026-02-01,89,98
SKU_8,2025-03-01,95,2025-04-01,105,103
SKU_8,2025-03-01,95,2025-05-01,118,111
SKU_8,2025-03-01,95,2025-06-01,76,107
SKU_8,2025-03-01,95,2025-07-01,105,101
SKU_8,2025-03-01,95,2025-08-01,114,105
SKU_8,2025-03-01,95,2025-09-01,107,100
SKU_8,2025-03-01,95,2025-10-01,108,100
SKU_8,2025-03-01,95,2025-11-01,107,103
SKU_8,2025-03-01,95,2025-12-01,92,92
SKU_8,2025-03-01,95,2026-01-01,85,93
SKU_8,2025-03-01,95,2026-02-01,97,98
SKU_8,2025-03-01,95,2026-03-01,92,96
SKU_8,2025-04-01,93,2025-05-01,122,111
SKU_8,2025-04-01,93,2025-06-01,106,107
SKU_8,2025-04-01,93,2025-07-01,101,101
SKU_8,2025-04-01,93,2025-08-01,108,105
SKU_8,2025-04-01,93,2025-09-01,100,100
SKU_8,2025-04-01,93,2025-10-01,108,100
SKU_8,2025-04-01,93,2025-11-01,100,103
SKU_8,2025-04-01,93,2025-12-01,63,92
SKU_8,2025-04-01,93,2026-01-01,89,93
SKU_8,2025-04-01,93,2026-02-01,92,98
SKU_8,2025-04-01,93,2026-03-01,93,96
SKU_8,2025-04-01,93,2026-04-01,102,511
SKU_8,2025-05-01,90,2025-06-01,105,107
SKU_8,2025-05-01,90,2025-07-01,127,101
SKU_8,2025-05-01,90,2025-08-01,98,105
SKU_8,2025-05-01,90,2025-09-01,100,100
SKU_8,2025-05-01,90,2025-10-01,62,100
SKU_8,2025-05-01,90,2025-11-01,107,103
SKU_8,2025-05-01,90,2025-12-01,92,92
SKU_8,2025-05-01,90,2026-01-01,85,93
SKU_8,2025-05-01,90,2026-02-01,97,98
SKU_8,2025-05-01,90,2026-03-01,92,19
SKU_8,2025-05-01,90,2026-04-01,104,102
SKU_8,2025-05-01,90,2026-05-01,102,96
SKU_8,2025-06-01,88,2025-07-01,91,101
SKU_8,2025-06-01,88,2025-08-01,106,105
SKU_8,2025-06-01,88,2025-09-01,99,100
SKU_8,2025-06-01,88,2025-10-01,103,100
SKU_8,2025-06-01,88,2025-11-01,104,103
SKU_8,2025-06-01,88,2025-12-01,88,460
SKU_8,2025-06-01,88,2026-01-01,91,93
SKU_8,2025-06-01,88,2026-02-01,94,98
SKU_8,2025-06-01,88,2026-03-01,101,96
SKU_8,2025-06-01,88,2026-04-01,72,102
SKU_8,2025-06-01,88,2026-05-01,105,96
SKU_8,2025-06-01,88,2026-06-01,63,93
SKU_8,2025-07-01,94,2025-08-01,102,105
SKU_8,2025-07-01,94,2025-09-01,93,100
SKU_8,2025-07-01,94,2025-10-01,91,100
SKU_8,2025-07-01,94,2025-11-01,95,103
SKU_8,2025-07-01,94,2025-12-01,93,92
SKU_8,2025-07-01,94,2026-01-01,95,93
SKU_8,2025-07-01,94,2026-02-01,90,98
SKU_8,2025-07-01,94,2026-03-01,100,96
SKU_8,2025-07-01,94,2026-04-01,130,102
SKU_8,2025-07-01,94,2026-05-01,96,96
SKU_8,2025-07-01,94,2026-06-01,101,93
SKU_8,2025-07-01,94,2026-07-01,112,107
SKU_8,2025-08-01,101,2025-09-01,99,100
SKU_8,2025-08-01,101,2025-10-01,95,100
SKU_8,2025-08-01,101,2025-11-01,92,103
SKU_8,2025-08-01,101,2025-12-01,88,92
SKU_8,2025-08-01,101,2026-01-01,92,93
SKU_8,2025-08-01,101,2026-02-01,93,98
SKU_8,2025-08-01,101,2026-03-01,95,96
SKU_8,2025-08-01,101,2026-04-01,102,102
SKU_8,2025-08-01,101,2026-05-01,95,96
SKU_8,2025-08-01,101,2026-06-01,90,93
SKU_8,2025-08-01,101,2026-07-01,108,107
SKU_8,2025-08-01,101,2026-08-01,101,98
SKU_8,2025-09-01,99,2025-10-01,94,100
SKU_8,2025-09-01,99,2025-11-01,110,103
SKU_8,2025-09-01,99,2025-12-01,92,92
SKU_8,2025-09-01,99,2026-01-01,63,93
SKU_8,2025-09-01,99,2026-02-01,102,98
SKU_8,2025-09-01,99,2026-03-01,97,96
SKU_8,2025-09-01,99,2026-04-01,107,511
SKU_8,2025-09-01,99,2026-05-01,97,96
SKU_8,2025-09-01,99,2026-06-01,90,93
SKU_8,2025-09-01,99,2026-07-01,109,107
SKU_8,2025-09-01,99,2026-08-01,93,98
SKU_8,2025-09-01,99,2026-09-01,100,99
SKU_8,2025-10-01,93,2025-11-01,103,103
SKU_8,2025-10-01,93,2025-12-01,91,92
SKU_8,2025-10-01,93,2026-01-01,92,93
SKU_8,2025-10-01,93,2026-02-01,89,98
SKU_8,2025-10-01,93,2026-03-01,93,96
SKU_8,2025-10-01,93,2026-04-01,103,102
SKU_8,2025-10-01,93,2026-05-01,97,96
SKU_8,2025-10-01,93,2026-06-01,88,465
SKU_8,2025-10-01,93,2026-07-01,113,107
SKU_8,2025-10-01,93,2026-08-01,94,98
SKU_8,2025-10-01,93,2026-09-01,104,99
SKU_8,2025-10-01,93,2026-10-01,94,92
SKU_8,2025-11-01,101,2025-12-01,89,92
SKU_8,2025-11-01,101,2026-01-01,132,93
SKU_8,2025-11-01,101,2026-02-01,92,98
SKU_8,2025-11-01,101,2026-03-01,70,96
SKU_8,2025-11-01,101,2026-04-01,137,102
SKU_8,2025-11-01,101,2026-05-01,92,96
SKU_8,2025-11-01,101,2026-06-01,100,93
SKU_8,2025-11-01,101,2026-07-01,106,107
SKU_8,2025-11-01,101,2026-08-01,100,98
SKU_8,2025-11-01,101,2026-09-01,101,99
SKU_8,2025-11-01,101,2026-10-01,91,92
SKU_8,2025-11-01,101,2026-11-01,100,96
SKU_8,2025-12-01,103,2026-01-01,97,93
SKU_8,2025-12-01,103,2026-02-01,90,98
SKU_8,2025-12-01,103,2026-03-01,102,96
SKU_8,2025-12-01,103,2026-04-01,94,20
SKU_8,2025-12-01,103,2026-05-01,101,96
SKU_8,2025-12-01,103,2026-06-01,99,19
SKU_8,2025-12-01,103,2026-07-01,102,107
SKU_8,2025-12-01,103,2026-08-01,126,492
SKU_8,2025-12-01,103,2026-09-01,94,99
SKU_8,2025-12-01,103,2026-10-01,91,92
SKU_8,2025-12-01,103,2026-11-01,94,96
SKU_8,2025-12-01,103,2026-12-01,103,99
SKU_8,2026-01-01,97,2026-02-01,105,98
SKU_8,2026-01-01,97,2026-03-01,103,96
SKU_8,2026-01-01,97,2026-04-01,99,102
SKU_8,2026-01-01,97,2026-05-01,125,96
SKU_8,2026-01-01,97,2026-06-01,85,93
SKU_8,2026-01-01,97,2026-07-01,103,535
SKU_8,2026-01-01,97,2026-08-01,103,20
SKU_8,2026-01-01,97,2026-09-01,108,99
SKU_8,2026-01-01,97,2026-10-01,86,92
SKU_8,2026-01-01,97,2026-11-01,93,96
SKU_8,2026-01-01,97,2026-12-01,99,99
SKU_8,2026-02-01,104,2026-03-01,97,19
SKU_8,2026-02-01,104,2026-04-01,98,102
SKU_8,2026-02-01,104,2026-05-01,98,96
SKU_8,2026-02-01,104,2026-06-01,91,93
SKU_8,2026-02-01,104,2026-07-01,107,107
SKU_8,2026-02-01,104,2026-08-01,101,98
SKU_8,2026-02-01,104,2026-09-01,100,99
SKU_8,2026-02-01,104,2026-10-01,90,92
SKU_8,2026-02-01,104,2026-11-01,65,96
SKU_8,2026-02-01,104,2026-12-01,98,99
SKU_8,2026-03-01,104,2026-04-01,100,102
SKU_8,2026-03-01,104,2026-05-01,94,96
SKU_8,2026-03-01,104,2026-06-01,101,93
SKU_8,2026-03-01,104,2026-07-01,110,535
SKU_8,2026-03-01,104,2026-08-01,97,98
SKU_8,2026-03-01,104,2026-09-01,103,99
SKU_8,2026-03-01,104,2026-10-01,90,92
SKU_8,2026-03-01,104,2026-11-01,102,96
SKU_8,2026-03-01,104,2026-12-01,101,99
SKU_8,2026-04-01,99,2026-05-01,95,96
SKU_8,2026-04-01,99,2026-06-01,95,19
SKU_8,2026-04-01,99,2026-07-01,99,107
SKU_8,2026-04-01,99,2026-08-01,93,98
SKU_8,2026-04-01,99,2026-09-01,94,99
SKU_8,2026-04-01,99,2026-10-01,92,92
SKU_8,2026-04-01,99,2026-11-01,105,96
SKU_8,2026-04-01,99,2026-12-01,110,20
SKU_8,2026-05-01,107,2026-06-01,96,93
SKU_8,2026-05-01,107,2026-07-01,110,107
SKU_8,2026-05-01,107,2026-08-01,89,98
SKU_8,2026-05-01,107,2026-09-01,97,99
SKU_8,2026-05-01,107,2026-10-01,88,92
SKU_8,2026-05-01,107,2026-11-01,93,96
SKU_8,2026-05-01,107,2026-12-01,98,99
SKU_8,2026-06-01,109,2026-07-01,75,107
SKU_8,2026-06-01,109,2026-08-01,88,98
SKU_8,2026-06-01,109,2026-09-01,103,99
SKU_8,2026-06-01,109,2026-10-01,86,92
SKU_8,2026-06-01,109,2026-11-01,97,96
SKU_8,2026-06-01,109,2026-12-01,109,99
SKU_8,2026-07-01,113,2026-08-01,64,98
SKU_8,2026-07-01,113,2026-09-01,87,99
SKU_8,2026-07-01,113,2026-10-01,90,92
SKU_8,2026-07-01,113,2026-11-01,101,96
SKU_8,2026-07-01,113,2026-12-01,109,99
SKU_8,2026-08-01,114,2026-09-01,93,99
SKU_8,2026-08-01,114,2026-10-01,94,92
SKU_8,2026-08-01,114,2026-11-01,94,96
SKU_8,2026-08-01,114,2026-12-01,98,494
SKU_8,2026-09-01,103,2026-10-01,105,92
SKU_8,2026-09-01,103,2026-11-01,88,96
SKU_8,2026-09-01,103,2026-12-01,100,99
SKU_8,2026-10-01,106,2026-11-01,98,96
SKU_8,2026-10-01,106,2026-12-01,104,99
SKU_8,2026-11-01,114,2026-12-01,129,99
SKU_9,2025-01-01,116,2025-02-01,114,112
SKU_9,2025-01-01,116,2025-03-01,101,103
SKU_9,2025-01-01,116,2025-04-01,104,103
SKU_9,2025-01-01,116,2025-05-01,110,111
SKU_9,2025-01-01,116,2025-06-01,110,107
SKU_9,2025-01-01,116,2025-07-01,99,101
SKU_9,2025-01-01,116,2025-08-01,107,105
SKU_9,2025-01-01,116,2025-09-01,100,100
SKU_9,2025-01-01,116,2025-10-01,106,100
SKU_9,2025-01-01,116,2025-11-01,103,103
SKU_9,2025-01-01,116,2025-12-01,83,18
SKU_9,2025-01-01,116,2026-01-01,99,93
SKU_9,2025-02-01,126,2025-03-01,98,103
SKU_9,2025-02-01,126,2025-04-01,99,103
SKU_9,2025-02-01,126,2025-05-01,109,111
SKU_9,2025-02-01,126,2025-06-01,114,107
SKU_9,2025-02-01,126,2025-07-01,90,101
SKU_9,2025-02-01,126,2025-08-01,121,105
SKU_9,2025-02-01,126,2025-09-01,105,100
SKU_9,2025-02-01,126,2025-10-01,101,100
SKU_9,2025-02-01,126,2025-11-01,103,103
SKU_9,2025-02-01,126,2025-12-01,94,92
SKU_9,2025-02-01,126,2026-01-01,95,93
SKU_9,2025-02-01,126,2026-02-01,102,98
SKU_9,2025-03-01,133,2025-04-01,105,103
SKU_9,2025-03-01,133,2025-05-01,112,111
SKU_9,2025-03-01,133,2025-06-01,106,107
SKU_9,2025-03-01,133,2025-07-01,100,101
SKU_9,2025-03-01,133,2025-08-01,104,105
SKU_9,2025-03-01,133,2025-09-01,136,100
SKU_9,2025-03-01,133,2025-10-01,103,20
SKU_9,2025-03-01,133,2025-11-01,88,103
SKU_9,2025-03-01,133,2025-12-01,95,92
SKU_9,2025-03-01,133,2026-01-01,64,93
SKU_9,2025-03-01,133,2026-02-01,98,98
SKU_9,2025-03-01,133,2026-03-01,64,96
SKU_9,2025-04-01,139,2025-05-01,117,111
SKU_9,2025-04-01,139,2025-06-01,112,107
SKU_9,2025-04-01,139,2025-07-01,97,101
SKU_9,2025-04-01,139,2025-08-01,108,105
SKU_9,2025-04-01,139,2025-09-01,95,100
SKU_9,2025-04-01,139,2025-10-01,93,100
SKU_9,2025-04-01,139,2025-11-01,100,21
SKU_9,2025-04-01,139,2025-12-01,96,92
SKU_9,2025-04-01,139,2026-01-01,98,464
SKU_9,2025-04-01,139,2026-02-01,101,98
SKU_9,2025-04-01,139,2026-03-01,99,479
SKU_9,2025-04-01,139,2026-04-01,105,102
SKU_9,2025-05-01,142,2025-06-01,104,107
SKU_9,2025-05-01,142,2025-07-01,103,101
SKU_9,2025-05-01,142,2025-08-01,109,105
SKU_9,2025-05-01,142,2025-09-01,104,100
SKU_9,2025-05-01,142,2025-10-01,106,100
SKU_9,2025-05-01,142,2025-11-01,107,103
SKU_9,2025-05-01,142,2025-12-01,94,92
SKU_9,2025-05-01,142,2026-01-01,98,93
SKU_9,2025-05-01,142,2026-02-01,98,98
SKU_9,2025-05-01,142,2026-03-01,91,96
SKU_9,2025-05-01,142,2026-04-01,101,102
SKU_9,2025-05-01,142,2026-05-01,92,96
SKU_9,2025-06-01,155,2025-07-01,97,101
SKU_9,2025-06-01,155,2025-08-01,105,21
SKU_9,2025-06-01,155,2025-09-01,96,501
SKU_9,2025-06-01,155,2025-10-01,98,100
SKU_9,2025-06-01,155,2025-11-01,94,103
SKU_9,2025-06-01,155,2025-12-01,93,92
SKU_9,2025-06-01,155,2026-01-01,93,93
SKU_9,2025-06-01,155,2026-02-01,64,20
SKU_9,2025-06-01,155,2026-03-01,99,96
SKU_9,2025-06-01,155,2026-04-01,107,102
SKU_9,2025-06-01,155,2026-05-01,88,96
SKU_9,2025-06-01,155,2026-06-01,89,93
SKU_9,2025-07-01,155,2025-08-01,102,21
SKU_9,2025-07-01,155,2025-09-01,95,100
SKU_9,2025-07-01,155,2025-10-01,104,100
SKU_9,2025-07-01,155,2025-11-01,102,103
SKU_9,2025-07-01,155,2025-12-01,91,92
SKU_9,2025-07-01,155,2026-01-01,53,93
SKU_9,2025-07-01,155,2026-02-01,101,98
SKU_9,2025-07-01,155,2026-03-01,90,96
SKU_9,2025-07-01,155,2026-04-01,102,102
SKU_9,2025-07-01,155,2026-05-01,97,96
SKU_9,2025-07-01,155,2026-06-01,70,93
SKU_9,2025-07-01,155,2026-07-01,100,107
SKU_9,2025-08-01,166,2025-09-01,85,100
SKU_9,2025-08-01,166,2025-10-01,101,100
SKU_9,2025-08-01,166,2025-11-01,112,516
SKU_9,2025-08-01,166,2025-12-01,68,92
SKU_9,2025-08-01,166,2026-01-01,94,93
SKU_9,2025-08-01,166,2026-02-01,96,98
SKU_9,2025-08-01,166,2026-03-01,100,96
SKU_9,2025-08-01,166,2026-04-01,97,102
SKU_9,2025-08-01,166,2026-05-01,98,96
SKU_9,2025-08-01,166,2026-06-01,95,93
SKU_9,2025-08-01,166,2026-07-01,142,107
SKU_9,2025-08-01,166,2026-08-01,112,98
SKU_9,2025-09-01,172,2025-10-01,102,100
SKU_9,2025-09-01,172,2025-11-01,101,103
SKU_9,2025-09-01,172,2025-12-01,92,92
SKU_9,2025-09-01,172,2026-01-01,114,19
SKU_9,2025-09-01,172,2026-02-01,65,98
SKU_9,2025-09-01,172,2026-03-01,94,96
SKU_9,2025-09-01,172,2026-04-01,99,20
SKU_9,2025-09-01,172,2026-05-01,96,96
SKU_9,2025-09-01,172,2026-06-01,89,93
SKU_9,2025-09-01,172,2026-07-01,113,535
SKU_9,2025-09-01,172,2026-08-01,98,98
SKU_9,2025-09-01,172,2026-09-01,99,99
SKU_9,2025-10-01,183,2025-11-01,101,103
SKU_9,2025-10-01,183,2025-12-01,93,92
SKU_9,2025-10-01,183,2026-01-01,97,93
SKU_9,2025-10-01,183,2026-02-01,94,491
SKU_9,2025-10-01,183,2026-03-01,62,96
SKU_9,2025-10-01,183,2026-04-01,101,102
SKU_9,2025-10-01,183,2026-05-01,59,96
SKU_9,2025-10-01,183,2026-06-01,89,93
SKU_9,2025-10-01,183,2026-07-01,105,107
SKU_9,2025-10-01,183,2026-08-01,103,98
SKU_9,2025-10-01,183,2026-09-01,101,99
SKU_9,2025-10-01,183,2026-10-01,93,92
SKU_9,2025-11-01,201,2025-12-01,96,92
SKU_9,2025-11-01,201,2026-01-01,92,93
SKU_9,2025-11-01,201,2026-02-01,100,98
SKU_9,2025-11-01,201,2026-03-01,95,96
SKU_9,2025-11-01,201,2026-04-01,103,20
SKU_9,2025-11-01,201,2026-05-01,93,96
SKU_9,2025-11-01,201,2026-06-01,81,93
SKU_9,2025-11-01,201,2026-07-01,136,107
SKU_9,2025-11-01,201,2026-08-01,105,98
SKU_9,2025-11-01,201,2026-09-01,104,99
SKU_9,2025-11-01,201,2026-10-01,97,92
SKU_9,2025-11-01,201,2026-11-01,102,96
SKU_9,2025-12-01,188,2026-01-01,123,93
SKU_9,2025-12-01,188,2026-02-01,99,98
SKU_9,2025-12-01,188,2026-03-01,93,19
SKU_9,2025-12-01,188,2026-04-01,101,102
SKU_9,2025-12-01,188,2026-05-01,99,96
SKU_9,2025-12-01,188,2026-06-01,99,93
SKU_9,2025-12-01,188,2026-07-01,106,107
SKU_9,2025-12-01,188,2026-08-01,96,98
SKU_9,2025-12-01,188,2026-09-01,100,99
SKU_9,2025-12-01,188,2026-10-01,95,92
SKU_9,2025-12-01,188,2026-11-01,89,96
SKU_9,2025-12-01,188,2026-12-01,87,99
SKU_9,2026-01-01,209,2026-02-01,96,98
SKU_9,2026-01-01,209,2026-03-01,60,96
SKU_9,2026-01-01,209,2026-04-01,100,102
SKU_9,2026-01-01,209,2026-05-01,95,96
SKU_9,2026-01-01,209,2026-06-01,91,93
SKU_9,2026-01-01,209,2026-07-01,114,107
SKU_9,2026-01-01,209,2026-08-01,100,98
SKU_9,2026-01-01,209,2026-09-01,101,99
SKU_9,2026-01-01,209,2026-10-01,95,92
SKU_9,2026-01-01,209,2026-11-01,90,19
SKU_9,2026-01-01,209,2026-12-01,104,99
SKU_9,2026-02-01,205,2026-03-01,95,96
SKU_9,2026-02-01,205,2026-04-01,105,102
SKU_9,2026-02-01,205,2026-05-01,90,96
SKU_9,2026-02-01,205,2026-06-01,85,93
SKU_9,2026-02-01,205,2026-07-01,111,107
SKU_9,2026-02-01,205,2026-08-01,100,98
SKU_9,2026-02-01,205,2026-09-01,95,99
SKU_9,2026-02-01,205,2026-10-01,87,92
SKU_9,2026-02-01,205,2026-11-01,102,96
SKU_9,2026-02-01,205,2026-12-01,93,99
SKU_9,2026-03-01,218,2026-04-01,110,102
SKU_9,2026-03-01,218,2026-05-01,91,96
SKU_9,2026-03-01,218,2026-06-01,96,93
SKU_9,2026-03-01,218,2026-07-01,135,107
SKU_9,2026-03-01,218,2026-08-01,101,98
SKU_9,2026-03-01,218,2026-09-01,97,99
SKU_9,2026-03-01,218,2026-10-01,91,92
SKU_9,2026-03-01,218,2026-11-01,66,96
SKU_9,2026-03-01,218,2026-12-01,94,99
SKU_9,2026-04-01,234,2026-05-01,99,96
SKU_9,2026-04-01,234,2026-06-01,90,93
SKU_9,2026-04-01,234,2026-07-01,106,107
SKU_9,2026-04-01,234,2026-08-01,93,98
SKU_9,2026-04-01,234,2026-09-01,87,99
SKU_9,2026-04-01,234,2026-10-01,91,92
SKU_9,2026-04-01,234,2026-11-01,108,96
SKU_9,2026-04-01,234,2026-12-01,103,99
SKU_9,2026-05-01,236,2026-06-01,93,93
SKU_9,2026-05-01,236,2026-07-01,106,107
SKU_9,2026-05-01,236,2026-08-01,98,98
SKU_9,2026-05-01,236,2026-09-01,102,99
SKU_9,2026-05-01,236,2026-10-01,86,459
SKU_9,2026-05-01,236,2026-11-01,101,96
SKU_9,2026-05-01,236,2026-12-01,102,99
SKU_9,2026-06-01,238,2026-07-01,81,107
SKU_9,2026-06-01,238,2026-08-01,101,98
SKU_9,2026-06-01,238,2026-09-01,100,99
SKU_9,2026-06-01,238,2026-10-01,95,92
SKU_9,2026-06-01,238,2026-11-01,99,96
SKU_9,2026-06-01,238,2026-12-01,97,99
SKU_9,2026-07-01,248,2026-08-01,95,98
SKU_9,2026-07-01,248,2026-09-01,100,99
SKU_9,2026-07-01,248,2026-10-01,130,92
SKU_9,2026-07-01,248,2026-11-01,90,96
SKU_9,2026-07-01,248,2026-12-01,92,99
SKU_9,2026-08-01,263,2026-09-01,100,99
SKU_9,2026-08-01,263,2026-10-01,92,92
SKU_9,2026-08-01,263,2026-11-01,97,96
SKU_9,2026-08-01,263,2026-12-01,70,99
SKU_9,2026-09-01,263,2026-10-01,91,92
SKU_9,2026-09-01,263,2026-11-01,103,96
SKU_9,2026-09-01,263,2026-12-01,61,99
SKU_9,2026-10-01,276,2026-11-01,92,96
SKU_9,2026-10-01,276,2026-12-01,98,99
SKU_9,2026-11-01,283,2026-12-01,91,99
SKU_10,2025-01-01,113,2025-02-01,111,112
SKU_10,2025-01-01,113,2025-03-01,111,103
SKU_10,2025-01-01,113,2025-04-01,103,103
SKU_10,2025-01-01,113,2025-05-01,83,111
SKU_10,2025-01-01,113,2025-06-01,101,107
SKU_10,2025-01-01,113,2025-07-01,98,20
SKU_10,2025-01-01,113,2025-08-01,74,21
SKU_10,2025-01-01,113,2025-09-01,99,100
SKU_10,2025-01-01,113,2025-10-01,136,100
SKU_10,2025-01-01,113,2025-11-01,106,103
SKU_10,2025-01-01,113,2025-12-01,87,92
SKU_10,2025-01-01,113,2026-01-01,94,464
SKU_10,2025-02-01,125,2025-03-01,105,103
SKU_10,2025-02-01,125,2025-04-01,108,103
SKU_10,2025-02-01,125,2025-05-01,119,111
SKU_10,2025-02-01,125,2025-06-01,102,107
SKU_10,2025-02-01,125,2025-07-01,97,101
SKU_10,2025-02-01,125,2025-08-01,99,105
SKU_10,2025-02-01,125,2025-09-01,99,100
SKU_10,2025-02-01,125,2025-10-01,102,100
SKU_10,2025-02-01,125,2025-11-01,108,103
SKU_10,2025-02-01,125,2025-12-01,92,92
SKU_10,2025-02-01,125,2026-01-01,61,93
SKU_10,2025-02-01,125,2026-02-01,99,98
SKU_10,2025-03-01,122,2025-04-01,99,513
SKU_10,2025-03-01,122,2025-05-01,122,111
SKU_10,2025-03-01,122,2025-06-01,99,107
SKU_10,2025-03-01,122,2025-07-01,72,101
SKU_10,2025-03-01,122,2025-08-01,146,105
SKU_10,2025-03-01,122,2025-09-01,100,100
SKU_10,2025-03-01,122,2025-10-01,99,100
SKU_10,2025-03-01,122,2025-11-01,101,103
SKU_10,2025-03-01,122,2025-12-01,91,92
SKU_10,2025-03-01,122,2026-01-01,100,93
SKU_10,2025-03-01,122,2026-02-01,87,98
SKU_10,2025-03-01,122,2026-03-01,103,96
SKU_10,2025-04-01,131,2025-05-01,104,111
SKU_10,2025-04-01,131,2025-06-01,106,107
SKU_10,2025-04-01,131,2025-07-01,99,101
SKU_10,2025-04-01,131,2025-08-01,108,105
SKU_10,2025-04-01,131,2025-09-01,92,100
SKU_10,2025-04-01,131,2025-10-01,102,100
SKU_10,2025-04-01,131,2025-11-01,113,103
SKU_10,2025-04-01,131,2025-12-01,85,92
SKU_10,2025-04-01,131,2026-01-01,94,93
SKU_10,2025-04-01,131,2026-02-01,95,98
SKU_10,2025-04-01,131,2026-03-01,98,19
SKU_10,2025-04-01,131,2026-04-01,102,102
SKU_10,2025-05-01,124,2025-06-01,74,107
SKU_10,2025-05-01,124,2025-07-01,103,101
SKU_10,2025-05-01,124,2025-08-01,114,105
SKU_10,2025-05-01,124,2025-09-01,99,100
SKU_10,2025-05-01,124,2025-10-01,103,100
SKU_10,2025-05-01,124,2025-11-01,97,103
SKU_10,2025-05-01,124,2025-12-01,87,92
SKU_10,2025-05-01,124,2026-01-01,95,93
SKU_10,2025-05-01,124,2026-02-01,106,491
SKU_10,2025-05-01,124,2026-03-01,98,96
SKU_10,2025-05-01,124,2026-04-01,101,102
SKU_10,2025-05-01,124,2026-05-01,96,96
SKU_10,2025-06-01,128,2025-07-01,94,503
SKU_10,2025-06-01,128,2025-08-01,108,105
SKU_10,2025-06-01,128,2025-09-01,105,100
SKU_10,2025-06-01,128,2025-10-01,98,100
SKU_10,2025-06-01,128,2025-11-01,101,103
SKU_10,2025-06-01,128,2025-12-01,93,92
SKU_10,2025-06-01,128,2026-01-01,61,93
SKU_10,2025-06-01,128,2026-02-01,98,98
SKU_10,2025-06-01,128,2026-03-01,106,96
SKU_10,2025-06-01,128,2026-04-01,101,102
SKU_10,2025-06-01,128,2026-05-01,94,96
SKU_10,2025-06-01,128,2026-06-01,90,93
SKU_10,2025-07-01,133,2025-08-01,139,105
SKU_10,2025-07-01,133,2025-09-01,99,100
SKU_10,2025-07-01,133,2025-10-01,97,100
SKU_10,2025-07-01,133,2025-11-01,110,103
SKU_10,2025-07-01,133,2025-12-01,69,92
SKU_10,2025-07-01,133,2026-01-01,90,93
SKU_10,2025-07-01,133,2026-02-01,119,98
SKU_10,2025-07-01,133,2026-03-01,101,479
SKU_10,2025-07-01,133,2026-04-01,99,102
SKU_10,2025-07-01,133,2026-05-01,100,96
SKU_10,2025-07-01,133,2026-06-01,83,93
SKU_10,2025-07-01,133,2026-07-01,112,107
SKU_10,2025-08-01,136,2025-09-01,94,100
SKU_10,2025-08-01,136,2025-10-01,74,100
SKU_10,2025-08-01,136,2025-11-01,103,103
SKU_10,2025-08-01,136,2025-12-01,117,92
SKU_10,2025-08-01,136,2026-01-01,91,93
SKU_10,2025-08-01,136,2026-02-01,102,98
SKU_10,2025-08-01,136,2026-03-01,96,96
SKU_10,2025-08-01,136,2026-04-01,105,511
SKU_10,2025-08-01,136,2026-05-01,106,96
SKU_10,2025-08-01,136,2026-06-01,85,93
SKU_10,2025-08-01,136,2026-07-01,115,107
SKU_10,2025-08-01,136,2026-08-01,99,492
SKU_10,2025-09-01,127,2025-10-01,65,100
SKU_10,2025-09-01,127,2025-11-01,96,103
SKU_10,2025-09-01,127,2025-12-01,91,92
SKU_10,2025-09-01,127,2026-01-01,97,93
SKU_10,2025-09-01,127,2026-02-01,98,98
SKU_10,2025-09-01,127,2026-03-01,103,96
SKU_10,2025-09-01,127,2026-04-01,95,102
SKU_10,2025-09-01,127,2026-05-01,96,96
SKU_10,2025-09-01,127,2026-06-01,57,93
SKU_10,2025-09-01,127,2026-07-01,109,107
SKU_10,2025-09-01,127,2026-08-01,103,98
SKU_10,2025-09-01,127,2026-09-01,97,99
SKU_10,2025-10-01,132,2025-11-01,90,103
SKU_10,2025-10-01,132,2025-12-01,93,92
SKU_10,2025-10-01,132,2026-01-01,95,93
SKU_10,2025-10-01,132,2026-02-01,100,98
SKU_10,2025-10-01,132,2026-03-01,102,96
SKU_10,2025-10-01,132,2026-04-01,97,102
SKU_10,2025-10-01,132,2026-05-01,99,96
SKU_10,2025-10-01,132,2026-06-01,99,93
SKU_10,2025-10-01,132,2026-07-01,68,107
SKU_10,2025-10-01,132,2026-08-01,100,98
SKU_10,2025-10-01,132,2026-09-01,97,497
SKU_10,2025-10-01,132,2026-10-01,91,92
SKU_10,2025-11-01,133,2025-12-01,94,92
SKU_10,2025-11-01,133,2026-01-01,90,93
SKU_10,2025-11-01,133,2026-02-01,95,98
SKU_10,2025-11-01,133,2026-03-01,96,96
SKU_10,2025-11-01,133,2026-04-01,97,20
SKU_10,2025-11-01,133,2026-05-01,90,96
SKU_10,2025-11-01,133,2026-06-01,96,93
SKU_10,2025-11-01,133,2026-07-01,101,107
SKU_10,2025-11-01,133,2026-08-01,102,98
SKU_10,2025-11-01,133,2026-09-01,102,497
SKU_10,2025-11-01,133,2026-10-01,83,92
SKU_10,2025-11-01,133,2026-11-01,92,19
SKU_10,2025-12-01,133,2026-01-01,99,93
SKU_10,2025-12-01,133,2026-02-01,93,98
SKU_10,2025-12-01,133,2026-03-01,93,96
SKU_10,2025-12-01,133,2026-04-01,104,102
SKU_10,2025-12-01,133,2026-05-01,100,96
SKU_10,2025-12-01,133,2026-06-01,92,93
SKU_10,2025-12-01,133,2026-07-01,104,107
SKU_10,2025-12-01,133,2026-08-01,105,20
SKU_10,2025-12-01,133,2026-09-01,108,99
SKU_10,2025-12-01,133,2026-10-01,97,92
SKU_10,2025-12-01,133,2026-11-01,96,96
SKU_10,2025-12-01,133,2026-12-01,95,99
SKU_10,2026-01-01,147,2026-02-01,94,98
SKU_10,2026-01-01,147,2026-03-01,98,479
SKU_10,2026-01-01,147,2026-04-01,104,102
SKU_10,2026-01-01,147,2026-05-01,133,96
SKU_10,2026-01-01,147,2026-06-01,96,93
SKU_10,2026-01-01,147,2026-07-01,100,107
SKU_10,2026-01-01,147,2026-08-01,104,492
SKU_10,2026-01-01,147,2026-09-01,95,99
SKU_10,2026-01-01,147,2026-10-01,90,92
SKU_10,2026-01-01,147,2026-11-01,97,96
SKU_10,2026-01-01,147,2026-12-01,109,99
SKU_10,2026-02-01,141,2026-03-01,81,19
SKU_10,2026-02-01,141,2026-04-01,105,102
SKU_10,2026-02-01,141,2026-05-01,95,96
SKU_10,2026-02-01,141,2026-06-01,96,93
SKU_10,2026-02-01,141,2026-07-01,111,107
SKU_10,2026-02-01,141,2026-08-01,97,98
SKU_10,2026-02-01,141,2026-09-01,108,99
SKU_10,2026-02-01,141,2026-10-01,93,92
SKU_10,2026-02-01,141,2026-11-01,98,96
SKU_10,2026-02-01,141,2026-12-01,102,99
SKU_10,2026-03-01,134,2026-04-01,104,102
SKU_10,2026-03-01,134,2026-05-01,100,96
SKU_10,2026-03-01,134,2026-06-01,90,93
SKU_10,2026-03-01,134,2026-07-01,104,107
SKU_10,2026-03-01,134,2026-08-01,93,98
SKU_10,2026-03-01,134,2026-09-01,72,99
SKU_10,2026-03-01,134,2026-10-01,96,92
SKU_10,2026-03-01,134,2026-11-01,128,96
SKU_10,2026-03-01,134,2026-12-01,107,99
SKU_10,2026-04-01,146,2026-05-01,96,96
SKU_10,2026-04-01,146,2026-06-01,96,93
SKU_10,2026-04-01,146,2026-07-01,102,107
SKU_10,2026-04-01,146,2026-08-01,96,98
SKU_10,2026-04-01,146,2026-09-01,103,99
SKU_10,2026-04-01,146,2026-10-01,96,92
SKU_10,2026-04-01,146,2026-11-01,94,96
SKU_10,2026-04-01,146,2026-12-01,99,99
SKU_10,2026-05-01,154,2026-06-01,85,93
SKU_10,2026-05-01,154,2026-07-01,105,107
SKU_10,2026-05-01,154,2026-08-01,103,98
SKU_10,2026-05-01,154,2026-09-01,102,99
SKU_10,2026-05-01,154,2026-10-01,94,92
SKU_10,2026-05-01,154,2026-11-01,96,96
SKU_10,2026-05-01,154,2026-12-01,69,99
SKU_10,2026-06-01,149,2026-07-01,104,107
SKU_10,2026-06-01,149,2026-08-01,102,20
SKU_10,2026-06-01,149,2026-09-01,102,99
SKU_10,2026-06-01,149,2026-10-01,94,92
SKU_10,2026-06-01,149,2026-11-01,93,96
SKU_10,2026-06-01,149,2026-12-01,88,99
SKU_10,2026-07-01,138,2026-08-01,104,98
SKU_10,2026-07-01,138,2026-09-01,67,99
SKU_10,2026-07-01,138,2026-10-01,57,92
SKU_10,2026-07-01,138,2026-11-01,99,96
SKU_10,2026-07-01,138,2026-12-01,97,99
SKU_10,2026-08-01,144,2026-09-01,105,99
SKU_10,2026-08-01,144,2026-10-01,95,92
SKU_10,2026-08-01,144,2026-11-01,99,96
SKU_10,2026-08-01,144,2026-12-01,92,99
SKU_10,2026-09-01,154,2026-10-01,98,18
SKU_10,2026-09-01,154,2026-11-01,97,96
SKU_10,2026-09-01,154,2026-12-01,97,99
SKU_10,2026-10-01,146,2026-11-01,97,96
SKU_10,2026-10-01,146,2026-12-01,90,99
SKU_10,2026-11-01,153,2026-12-01,101,99
